ORIGIN_AIRPORT_ID,AVG_DEP_DELAY,VAR_DEP_DELAY,MAX_DEP_DELAY,MIN_DEP_DELAY,COUNT_DEP_DELAY,COUNT_DEP_DELAY_10_OR_MORE,OUTLIERS_DEP_DELAY,AVG_ARR_TIME,VAR_ARR_TIME,MAX_ARR_TIME,MIN_ARR_TIME,AVG_ARR_DELAY,VAR_ARR_DELAY,MAX_ARR_DELAY,MIN_ARR_DELAY,COUNT_ARR_DELAY,COUNT_ARR_DELAY_5_OR_MORE,OUTLIERS_ARR_DELAY,PROPORTION_COUNT_DEP_DELAY_10_OR_MORE,PROPORTION_OUTLIERS_DEP_DELAY,PROPORTION_COUNT_ARR_DELAY_5_OR_MORE,PROPORTION_OUTLIERS_ARR_DELAY
10135,12.208722741433021,2998.07817367601,350.0,-28.0,321,62,43,1395.9657320872275,251233.79569704048,2314.0,3.0,8.221183800623052,3027.4290498442406,331.0,-48.0,321,96,33,0.19314641744548286,0.13395638629283488,0.29906542056074764,0.102803738317757
10136,5.428571428571429,1930.5577416595384,453.0,-15.0,168,24,24,1143.9642857142858,159486.58554319924,2047.0,539.0,8.273809523809524,2048.7030225263748,432.0,-29.0,168,63,10,0.14285714285714285,0.14285714285714285,0.375,0.05952380952380952
10140,3.961061946902655,1012.8001358255576,583.0,-23.0,1695,254,224,1373.844063792085,204162.5371352489,2349.0,5.0,-2.1064458900059138,1191.4679525087568,588.0,-49.0,1691,355,118,0.14985250737463127,0.13215339233038348,0.20993494973388527,0.06978119455943228
10141,9.983333333333333,3467.2370056497166,318.0,-13.0,60,11,7,1048.4833333333333,163396.55903954804,1522.0,547.0,4.916666666666667,3271.7725988700563,299.0,-41.0,60,16,5,0.18333333333333332,0.11666666666666667,0.26666666666666666,0.08333333333333333
10146,2.783132530120482,763.5865412870996,153.0,-14.0,83,12,12,1235.0361445783133,190635.5230678813,2054.0,710.0,-5.108433734939759,872.6100499559211,166.0,-26.0,83,12,5,0.14457831325301204,0.14457831325301204,0.14457831325301204,0.060240963855421686
10155,-3.780701754385965,230.40281012265194,108.0,-20.0,114,11,12,1296.201754385965,241216.215572116,2036.0,552.0,-9.052631578947368,267.8202142524452,94.0,-31.0,114,13,8,0.09649122807017543,0.10526315789473684,0.11403508771929824,0.07017543859649122
10157,36.41228070175438,7202.262148734668,387.0,-21.0,114,40,17,1251.5,233731.49115044245,2258.0,647.0,39.48245614035088,7814.694379754696,480.0,-35.0,114,59,14,0.3508771929824561,0.14912280701754385,0.5175438596491229,0.12280701754385964
10158,0.3523489932885906,1756.969708268367,454.0,-21.0,298,26,30,1410.1409395973155,268713.7982509663,2358.0,225.0,-5.540268456375839,1908.4175649108533,431.0,-44.0,298,53,16,0.087248322147651,0.10067114093959731,0.17785234899328858,0.053691275167785234
10165,-1.3333333333333333,257.75,21.0,-25.0,9,2,0,2065.6666666666665,1205.250000000003,2115.0,2025.0,-11.11111111111111,312.1111111111111,17.0,-40.0,9,2,0,0.2222222222222222,0.0,0.2222222222222222,0.0
10170,-2.1132075471698113,1117.3715529753265,139.0,-29.0,53,10,5,1392.2830188679245,193118.20682148042,1851.0,832.0,-1.4528301886792452,1163.598693759071,142.0,-28.0,53,14,4,0.18867924528301888,0.09433962264150944,0.2641509433962264,0.07547169811320754
10185,-1.7519685039370079,494.1872490741027,188.0,-19.0,254,26,30,1334.0590551181103,214198.34037222606,2249.0,704.0,-3.248031496062992,787.2939684416917,183.0,-37.0,254,68,10,0.10236220472440945,0.11811023622047244,0.2677165354330709,0.03937007874015748
10208,2.4585798816568047,1070.5873000544307,340.0,-18.0,338,42,42,1256.4319526627219,218037.51019261498,2251.0,616.0,-4.384615384615385,1206.7477744807127,343.0,-34.0,338,56,27,0.1242603550295858,0.1242603550295858,0.16568047337278108,0.07988165680473373
10257,12.670428893905191,4298.444932471211,1197.0,-36.0,886,199,120,1383.8453724604967,233619.2427299744,2327.0,10.0,4.850678733031674,4849.094325699619,1241.0,-57.0,884,260,68,0.22460496613995484,0.13544018058690746,0.29411764705882354,0.07692307692307693
10268,14.416666666666666,1704.4184397163115,161.0,-12.0,48,14,6,1075.1914893617022,133046.59296947278,1659.0,651.0,17.0,2178.7826086956525,168.0,-34.0,47,20,4,0.2916666666666667,0.125,0.425531914893617,0.0851063829787234
10279,0.9808612440191388,846.603949376384,281.0,-20.0,418,47,51,1363.0023980815347,183888.3773980814,2210.0,555.0,-1.1538461538461537,971.1473586654308,279.0,-37.0,416,87,27,0.11244019138755981,0.12200956937799043,0.2091346153846154,0.06490384615384616
10299,-1.8529862174578866,454.8166845622623,211.0,-22.0,1306,138,147,1294.064241486068,340364.771237767,2400.0,1.0,-7.3534883720930235,554.4847240514551,175.0,-58.0,1290,198,97,0.10566615620214395,0.1125574272588055,0.15348837209302327,0.07519379844961241
10333,37.142857142857146,7813.625000000003,337.0,-26.0,49,15,11,1163.1875,216542.1130319148,1953.0,525.0,29.0,7662.8936170212755,326.0,-36.0,48,17,7,0.30612244897959184,0.22448979591836735,0.3541666666666667,0.14583333333333334
10361,27.770833333333332,5331.4144503546095,438.0,-10.0,48,24,5,1045.1489361702127,100373.60777058286,1727.0,703.0,20.148936170212767,5316.564292321924,419.0,-27.0,47,20,2,0.5,0.10416666666666667,0.425531914893617,0.0425531914893617
10372,35.14769975786925,9611.549067429736,1431.0,-30.0,826,335,75,1489.7172330097087,152525.16052890787,2350.0,4.0,34.15225334957369,10362.397522355255,1448.0,-45.0,821,393,51,0.40556900726392253,0.09079903147699758,0.47868453105968334,0.06211936662606577
10397,5.762911330847787,1072.4397993309015,1434.0,-20.0,30845,5257,4398,1550.4474102422728,266290.23874467204,2400.0,1.0,-0.14962804145145048,1187.246534118679,1429.0,-69.0,30783,7014,2289,0.17043280920732695,0.1425838871778246,0.2278530357664945,0.0743592242471494
10408,14.632978723404255,2547.6249361702144,453.0,-21.0,376,103,45,1376.6755319148936,216333.4784397163,2151.0,138.0,11.398936170212766,2772.6244255319125,438.0,-45.0,376,139,28,0.27393617021276595,0.1196808510638298,0.3696808510638298,0.07446808510638298
10423,5.845744680851064,1903.587823099933,1361.0,-21.0,4888,822,664,1445.2511256651658,231197.77827406497,2400.0,1.0,-0.6823119491699119,2023.5247198690424,1344.0,-48.0,4879,1046,380,0.1681669394435352,0.13584288052373159,0.2143881943021111,0.07788481246156999
10431,12.092592592592593,8158.428174380107,1275.0,-28.0,594,107,89,1323.5437710437711,202132.81511290531,2318.0,608.0,8.69023569023569,8304.956160821257,1269.0,-44.0,594,155,59,0.18013468013468015,0.14983164983164984,0.2609427609427609,0.09932659932659933
10434,7.513513513513513,2851.119726060902,682.0,-23.0,222,39,29,1266.1085972850678,219862.66997120515,2314.0,701.0,-0.38009049773755654,3381.609419991772,665.0,-52.0,221,59,18,0.17567567567567569,0.13063063063063063,0.2669683257918552,0.08144796380090498
10466,10.214601769911505,1060.4172585993758,273.0,-20.0,452,130,55,1401.2212389380531,175548.51413770777,2228.0,713.0,9.496674057649667,1357.1972111357481,308.0,-48.0,451,185,33,0.28761061946902655,0.12168141592920353,0.41019955654101997,0.07317073170731707
10469,22.684615384615384,9957.03929636255,937.0,-14.0,130,27,27,1151.9,212358.88139534887,2303.0,549.0,16.092307692307692,11373.727847346447,997.0,-48.0,130,38,15,0.2076923076923077,0.2076923076923077,0.2923076923076923,0.11538461538461539
10529,7.213222416812609,2026.9729131331624,786.0,-24.0,2284,397,279,1403.5768725361368,256097.73061300197,2358.0,8.0,-0.7707509881422925,2363.575717054394,793.0,-54.0,2277,555,164,0.17381786339754815,0.12215411558669002,0.2437417654808959,0.07202459376372419
10551,2.590909090909091,1463.5993006993012,154.0,-25.0,66,14,6,1684.1515151515152,241843.97668997673,2312.0,850.0,2.3181818181818183,1479.912587412587,165.0,-27.0,66,18,6,0.21212121212121213,0.09090909090909091,0.2727272727272727,0.09090909090909091
10558,-7.588235294117647,98.3270588235294,28.0,-23.0,51,3,3,1124.7450980392157,292388.4737254902,1825.0,636.0,-11.098039215686274,253.7701960784314,38.0,-39.0,51,6,6,0.058823529411764705,0.058823529411764705,0.11764705882352941,0.11764705882352941
10561,12.724719101123595,5709.692153875451,602.0,-19.0,178,33,23,1275.612359550562,273170.75849044614,2345.0,41.0,10.460674157303371,5975.549292198314,624.0,-33.0,178,50,14,0.1853932584269663,0.12921348314606743,0.2808988764044944,0.07865168539325842
10577,34.851851851851855,13081.071977638008,506.0,-13.0,54,15,6,1353.9074074074074,313914.61390635924,2004.0,140.0,25.88888888888889,12050.402515723268,481.0,-42.0,54,15,6,0.2777777777777778,0.1111111111111111,0.2777777777777778,0.1111111111111111
10581,15.909090909090908,2330.665974025977,324.0,-31.0,176,54,20,1379.2727272727273,231274.9766233764,2356.0,708.0,11.875,2827.0014285714287,333.0,-50.0,176,72,14,0.3068181818181818,0.11363636363636363,0.4090909090909091,0.07954545454545454
10599,7.085014409221902,1494.1427312903481,535.0,-44.0,1388,245,201,1431.8876080691643,211199.28944979023,2347.0,5.0,3.078643578643579,1595.502113971067,546.0,-51.0,1386,347,121,0.1765129682997118,0.14481268011527376,0.25036075036075034,0.0873015873015873
10620,0.5632183908045977,696.8315649867369,281.0,-20.0,261,36,31,1359.896551724138,220454.96233421747,2343.0,31.0,-8.601532567049809,851.0098437960514,262.0,-55.0,261,42,22,0.13793103448275862,0.11877394636015326,0.16091954022988506,0.0842911877394636
10627,12.501792114695341,2704.790464402672,330.0,-22.0,279,67,37,1307.268817204301,198802.1972615456,2353.0,606.0,8.200716845878135,2905.1610066785274,349.0,-37.0,279,87,25,0.24014336917562723,0.13261648745519714,0.3118279569892473,0.08960573476702509
10631,28.966666666666665,10817.693785310736,443.0,-26.0,60,9,10,1068.6333333333334,160190.74463276833,1635.0,539.0,17.733333333333334,11992.60564971751,520.0,-45.0,60,10,9,0.15,0.16666666666666666,0.16666666666666666,0.15
10666,3.935828877005348,1873.232419067335,436.0,-23.0,187,26,20,1313.02688172043,225510.66413833178,2333.0,49.0,-0.2594594594594595,1926.4975323149247,416.0,-53.0,185,46,10,0.13903743315508021,0.10695187165775401,0.24864864864864866,0.05405405405405406
10676,26.603448275862068,15781.155777374472,937.0,-23.0,58,18,5,1551.6724137931035,194826.71536600127,2354.0,27.0,26.20689655172414,15883.21960072595,936.0,-23.0,58,25,7,0.3103448275862069,0.08620689655172414,0.43103448275862066,0.1206896551724138
10685,19.804761904761904,13467.555001139206,1487.0,-24.0,210,47,29,1298.8285714285714,187468.82214627464,2346.0,642.0,13.90952380952381,14131.192731829558,1495.0,-42.0,210,66,17,0.22380952380952382,0.1380952380952381,0.3142857142857143,0.08095238095238096
10693,9.722443559096945,1981.4344887316645,988.0,-26.0,6024,1344,738,1483.3522670652715,268927.7830301583,2400.0,1.0,3.7955415072367327,2245.34604334649,979.0,-62.0,6011,1673,492,0.22310756972111553,0.12250996015936255,0.2783230743636666,0.08184994177341541
10713,5.125480153649168,1402.3980819281774,509.0,-19.0,1562,230,227,1305.6944266495836,188984.4572060972,2353.0,10.0,-1.0923669018601667,1481.9773422118942,489.0,-45.0,1559,333,118,0.147247119078105,0.14532650448143405,0.21359846055163567,0.07568954457985888
10721,18.065599702242487,4146.014773144428,1205.0,-26.0,10747,2792,1539,1427.1601715457766,302345.6470699562,2400.0,1.0,9.906109865470851,4660.609234832724,1236.0,-85.0,10704,3328,1106,0.25979343072485345,0.14320275425700196,0.3109118086696562,0.10332585949177878
10728,1.5802469135802468,464.8716049382715,107.0,-17.0,81,12,11,1212.1234567901236,203584.13456790132,2001.0,718.0,0.04938271604938271,695.5725308641973,122.0,-27.0,81,27,3,0.14814814814814814,0.13580246913580246,0.3333333333333333,0.037037037037037035
10731,2.5301204819277108,1358.6911548633555,310.0,-15.0,83,10,12,1267.6626506024097,178577.10431971788,1936.0,703.0,-4.228915662650603,1456.3493975903616,299.0,-29.0,83,10,6,0.12048192771084337,0.14457831325301204,0.12048192771084337,0.07228915662650602
10732,12.117948717948718,2705.4344699973567,624.0,-22.0,195,63,16,800.2358974358974,233059.84097277315,2207.0,237.0,6.564102564102564,2908.587364525511,631.0,-43.0,195,68,12,0.3230769230769231,0.08205128205128205,0.3487179487179487,0.06153846153846154
10739,22.784313725490197,5768.612549019606,342.0,-17.0,51,11,10,1271.8431372549019,266135.09490196075,1937.0,725.0,15.647058823529411,5870.632941176471,344.0,-42.0,51,17,5,0.21568627450980393,0.19607843137254902,0.3333333333333333,0.09803921568627451
10747,2.3351351351351353,1475.9414218566399,351.0,-16.0,185,21,24,1288.6864864864865,224663.44465334908,2257.0,624.0,0.5513513513513514,1610.6074030552293,348.0,-31.0,185,39,21,0.11351351351351352,0.12972972972972974,0.21081081081081082,0.11351351351351352
10754,-10.266666666666667,173.7242937853108,36.0,-30.0,60,7,2,1719.0666666666666,123041.65649717516,2115.0,1255.0,-14.266666666666667,196.2327683615818,45.0,-35.0,60,7,2,0.11666666666666667,0.03333333333333333,0.11666666666666667,0.03333333333333333
10779,4.793103448275862,3918.8687235329708,416.0,-20.0,58,5,5,1068.4137931034484,126887.79068360556,1712.0,703.0,-3.5517241379310347,3981.3744706594075,405.0,-41.0,58,8,3,0.08620689655172414,0.08620689655172414,0.13793103448275862,0.05172413793103448
10781,9.862354892205639,5986.391321355571,1406.0,-22.0,603,113,92,1344.6898839137646,194853.80233935514,2339.0,611.0,6.311774461028192,6106.092003988916,1390.0,-40.0,603,174,51,0.18739635157545606,0.15257048092868988,0.2885572139303483,0.0845771144278607
10785,26.04261796042618,6958.5865955748595,1047.0,-19.0,657,207,90,1290.683969465649,256116.36633284303,2400.0,32.0,23.165137614678898,7273.127358556839,1037.0,-46.0,654,284,72,0.3150684931506849,0.136986301369863,0.43425076452599387,0.11009174311926606
10792,13.006880733944953,4451.768168348365,1637.0,-22.0,1744,382,256,1358.0114942528735,231944.39204721974,2358.0,12.0,6.97642323174238,4946.204852331693,1609.0,-71.0,1739,514,159,0.2190366972477064,0.14678899082568808,0.29557216791259344,0.09143185738930419
10800,8.32636165577342,2438.669814786323,1189.0,-23.0,2295,424,309,1495.0610287707061,229372.3922616542,2359.0,1.0,3.6198600174978126,2677.091754203591,1220.0,-40.0,2286,575,183,0.18474945533769063,0.134640522875817,0.2515310586176728,0.08005249343832022
10821,7.8168184252812,1332.9901443157612,1396.0,-35.0,7468,1600,915,1517.3384264843855,258033.81695350297,2400.0,1.0,0.3251006711409396,1639.9928320814133,1431.0,-61.0,7450,1925,552,0.21424745581146223,0.12252276379217997,0.25838926174496646,0.07409395973154362
10849,14.658536585365853,6068.699953177542,892.0,-21.0,574,115,83,1527.0575916230366,185491.34457950442,2347.0,6.0,7.535776614310646,6344.602301712251,879.0,-53.0,573,158,54,0.20034843205574912,0.1445993031358885,0.2757417102966841,0.09424083769633508
10868,4.844408427876823,1199.0569207939543,518.0,-18.0,617,101,89,1302.317666126418,225000.29827506386,2332.0,13.0,-1.3646677471636952,1270.0632301248197,488.0,-45.0,617,133,51,0.16369529983792544,0.14424635332252836,0.21555915721231766,0.08265802269043761
10874,11.861216730038024,4179.293083469126,999.0,-20.0,526,107,71,1259.1736641221373,259062.46117890035,2336.0,20.0,8.237093690248566,4608.8210735295215,991.0,-46.0,523,181,38,0.20342205323193915,0.13498098859315588,0.34608030592734224,0.07265774378585087
10918,-2.574074074074074,523.0038434661077,79.0,-22.0,54,7,6,1492.0555555555557,207953.37421383653,2045.0,1011.0,2.6296296296296298,774.8413696715584,133.0,-37.0,54,17,4,0.12962962962962962,0.1111111111111111,0.3148148148148148,0.07407407407407407
10926,-5.0,2054.931034482758,253.0,-35.0,59,8,5,1592.3103448275863,30425.516031457966,1929.0,1353.0,-0.27586206896551724,1962.8699334543255,252.0,-32.0,58,12,6,0.13559322033898305,0.0847457627118644,0.20689655172413793,0.10344827586206896
10967,16.405797101449274,3043.038789428815,219.0,-19.0,69,20,11,1214.855072463768,211027.94927536228,2025.0,618.0,17.246376811594203,3122.717817561807,222.0,-30.0,69,27,10,0.2898550724637681,0.15942028985507245,0.391304347826087,0.14492753623188406
10980,6.4287690179806365,3484.3976199507265,1157.0,-21.0,723,107,112,1332.8545706371192,238392.31585286683,2344.0,120.0,0.0638002773925104,3632.7403683156067,1145.0,-46.0,721,129,66,0.1479944674965422,0.15491009681881052,0.17891816920943135,0.09153952843273232
10990,9.55530474040632,2190.11175347027,339.0,-19.0,443,87,67,1404.884875846501,210254.0070784347,2342.0,615.0,6.395033860045147,2944.7191608020257,334.0,-39.0,443,122,53,0.1963882618510158,0.15124153498871332,0.27539503386004516,0.11963882618510158
10994,4.373573573573574,1765.303868531995,1052.0,-23.0,1665,230,241,1396.2144144144145,201077.0026767152,2340.0,6.0,-1.2032471437161756,1971.4616741669213,1039.0,-59.0,1663,327,154,0.13813813813813813,0.14474474474474475,0.19663259170174383,0.0926037282020445
11003,15.06777108433735,5357.435822475421,1007.0,-19.0,664,152,90,1413.867069486405,204712.62678080905,2331.0,649.0,11.803328290468986,5314.979443451155,1062.0,-43.0,661,236,59,0.2289156626506024,0.1355421686746988,0.35703479576399394,0.08925869894099848
11013,44.0,22843.418181818186,1006.0,-14.0,56,15,11,1204.607142857143,256766.4974025973,2230.0,21.0,36.464285714285715,21835.344155844155,969.0,-35.0,56,18,11,0.26785714285714285,0.19642857142857142,0.32142857142857145,0.19642857142857142
11027,20.133333333333333,5268.4903954802285,394.0,-21.0,60,14,10,1212.2666666666667,233361.8937853108,2140.0,631.0,22.466666666666665,5229.337853107344,398.0,-35.0,60,28,6,0.23333333333333334,0.16666666666666666,0.4666666666666667,0.1
11042,13.113146551724139,3819.3437020879105,1340.0,-26.0,3712,841,522,1399.3094146209874,226877.35134954954,2356.0,1.0,7.320810810810811,4203.056555168304,1366.0,-60.0,3700,1131,348,0.2265625,0.140625,0.30567567567567566,0.09405405405405405
11049,1.7298850574712643,1293.088465882665,194.0,-27.0,174,22,22,1271.2758620689656,251079.78473191208,2357.0,541.0,-1.6551724137931034,1360.3428343631663,179.0,-34.0,174,29,23,0.12643678160919541,0.12643678160919541,0.16666666666666666,0.13218390804597702
11057,6.268135953266065,1044.1698009226197,1149.0,-23.0,18830,3416,2391,1556.1919455232219,267096.3741998595,2400.0,1.0,2.2022693373108884,1158.7690044923652,1137.0,-58.0,18772,5197,1426,0.18141263940520447,0.12697822623473182,0.2768484977626252,0.07596420200298316
11066,9.831930415263749,2039.8457272856404,1002.0,-23.0,3564,724,546,1368.3767912334927,231318.75034371973,2400.0,3.0,5.9949367088607595,2334.1130863423623,1014.0,-55.0,3555,1160,294,0.2031425364758698,0.1531986531986532,0.3263009845288326,0.08270042194092828
11067,22.17391304347826,4749.947731052507,488.0,-13.0,184,56,23,1156.9782608695652,166718.46947018304,1958.0,658.0,16.688524590163933,5080.732120338677,479.0,-43.0,183,71,16,0.30434782608695654,0.125,0.3879781420765027,0.08743169398907104
11076,8.083333333333334,1826.758865248227,183.0,-21.0,48,11,6,992.7916666666666,142323.35992907805,1651.0,623.0,11.125,2452.5797872340427,206.0,-38.0,48,17,6,0.22916666666666666,0.125,0.3541666666666667,0.125
11092,3.260869565217391,1813.6193236714976,209.0,-28.0,46,11,5,1591.4565217391305,164445.63140096611,2046.0,1033.0,13.673913043478262,1630.980193236715,197.0,-28.0,46,20,4,0.2391304347826087,0.10869565217391304,0.43478260869565216,0.08695652173913043
11097,1.576271186440678,1081.9725306838104,127.0,-23.0,59,10,11,1039.7457627118645,176418.71011104612,1643.0,627.0,-10.440677966101696,1193.2162478082987,110.0,-41.0,59,11,8,0.1694915254237288,0.1864406779661017,0.1864406779661017,0.13559322033898305
11109,11.436599423631124,3724.1539832245853,593.0,-28.0,694,138,119,1304.770893371758,181197.87672733917,2329.0,232.0,5.782608695652174,3781.5637029090676,601.0,-46.0,690,191,70,0.1988472622478386,0.17146974063400577,0.2768115942028985,0.10144927536231885
11111,15.821656050955413,4454.301322880939,518.0,-15.0,157,32,30,1166.8407643312103,185947.750122489,2305.0,48.0,16.85987261146497,4402.9930589580235,499.0,-29.0,157,59,20,0.20382165605095542,0.1910828025477707,0.37579617834394907,0.12738853503184713
11122,-3.5142857142857142,471.20993788819874,147.0,-20.0,70,4,7,1024.7205882352941,108152.29389815632,1821.0,635.0,-17.720588235294116,266.3834503950835,60.0,-39.0,68,2,1,0.05714285714285714,0.1,0.029411764705882353,0.014705882352941176
11140,-1.5854214123006833,339.00124816675515,139.0,-19.0,439,48,47,1282.25284738041,216780.70076242177,2241.0,600.0,-4.995444191343964,493.52509335247123,128.0,-37.0,439,87,28,0.10933940774487472,0.1070615034168565,0.19817767653758542,0.06378132118451026
11146,13.86890243902439,5416.12037555009,1092.0,-18.0,328,73,41,1429.2012195121952,232604.90739912013,2259.0,541.0,7.431192660550459,5812.233747959699,1105.0,-42.0,327,99,25,0.2225609756097561,0.125,0.30275229357798167,0.0764525993883792
11150,6.7073170731707314,2623.345377898224,262.0,-20.0,82,10,10,1253.6463414634147,233153.58943089424,2336.0,646.0,-0.15853658536585366,2943.986901535682,268.0,-37.0,82,17,5,0.12195121951219512,0.12195121951219512,0.2073170731707317,0.06097560975609756
11193,11.420438767009164,2037.4981821407637,580.0,-19.0,3601,829,508,1342.8654434250764,200679.98856357532,2349.0,5.0,7.730790645879733,2480.483061697182,594.0,-57.0,3592,1204,314,0.23021382949180783,0.14107192446542627,0.3351893095768374,0.08741648106904232
11203,3.9887005649717513,1279.7839625064198,312.0,-19.0,177,32,30,1200.3841807909605,160095.96520287616,1859.0,708.0,-0.6779661016949152,1631.6172958397547,306.0,-44.0,177,48,13,0.1807909604519774,0.1694915254237288,0.2711864406779661,0.07344632768361582
11233,36.483870967741936,12764.991397849468,480.0,-20.0,31,7,6,1512.967741935484,34741.43225806452,2222.0,1417.0,42.03225806451613,12360.49892473118,463.0,-22.0,31,12,6,0.22580645161290322,0.1935483870967742,0.3870967741935484,0.1935483870967742
11252,2.4864864864864864,354.3903205531113,118.0,-16.0,259,41,26,1384.034749034749,207847.9871599175,2225.0,633.0,-3.613899613899614,373.03639519918585,107.0,-35.0,259,47,17,0.1583011583011583,0.10038610038610038,0.18146718146718147,0.06563706563706563
11259,5.974501471068977,479.0475759734315,625.0,-18.0,6118,1319,649,1516.2067779960707,239443.37871940207,2400.0,2.0,-3.011311475409836,580.4906082158063,624.0,-67.0,6100,1315,403,0.2155933311539719,0.10608041843739784,0.2155737704918033,0.0660655737704918
11267,5.659824046920821,1768.6552042742921,770.0,-19.0,1023,170,168,1289.782991202346,222668.77477891088,2304.0,114.0,3.2701375245579567,1956.0105331177458,754.0,-54.0,1018,318,65,0.16617790811339198,0.16422287390029325,0.31237721021611004,0.06385068762278978
11274,9.853333333333333,2459.6944144144145,371.0,-14.0,75,19,9,1234.7066666666667,217959.6965765766,2004.0,641.0,8.306666666666667,3827.6209009009,444.0,-39.0,75,23,8,0.25333333333333335,0.12,0.30666666666666664,0.10666666666666667
11278,11.161724107222371,2734.8055138066657,1262.0,-26.0,11229,2447,1612,1508.075748101831,245743.3222945873,2400.0,1.0,7.6397387725890145,3198.247313951622,1296.0,-68.0,11178,3391,1162,0.2179178911746371,0.14355686169739068,0.3033637502236536,0.10395419574163535
11292,9.551004805591962,1544.029619437041,1018.0,-19.0,18312,4272,2257,1589.5662340507092,258220.9686275976,2400.0,1.0,2.3733260153677276,1754.2292461959134,1007.0,-76.0,18220,5185,1347,0.23328964613368283,0.12325251201397991,0.2845773874862788,0.07392974753018661
11298,8.292654028436019,1565.3606569660074,1270.0,-21.0,22788,4889,3028,1539.2822934973638,297203.34413921065,2400.0,1.0,5.133582911253028,1625.2645279699766,1275.0,-58.0,22705,7045,1828,0.21454274179392663,0.13287695278216605,0.31028407839682887,0.08051090068266901
11308,7.5701754385964914,1709.80476634063,201.0,-15.0,114,18,17,1387.877192982456,219621.57770532538,2249.0,704.0,0.8070175438596491,1667.1482689023444,202.0,-41.0,114,19,14,0.15789473684210525,0.14912280701754385,0.16666666666666666,0.12280701754385964
11337,25.929411764705883,13559.261260006957,1083.0,-15.0,170,35,32,1285.629411764706,201752.13995823177,2203.0,544.0,17.88235294117647,13802.991994430915,1088.0,-40.0,170,48,21,0.20588235294117646,0.18823529411764706,0.2823529411764706,0.12352941176470589
11413,8.927038626609441,1417.6282743821216,238.0,-17.0,233,55,36,1247.4291845493563,157708.49604114247,2342.0,652.0,9.317596566523605,1567.0193873020585,244.0,-32.0,233,90,16,0.23605150214592274,0.15450643776824036,0.38626609442060084,0.06866952789699571
11415,14.278688524590164,4762.371038251367,435.0,-24.0,61,11,7,1286.360655737705,191293.50109289624,1833.0,805.0,2.2950819672131146,4556.311475409838,421.0,-38.0,61,10,9,0.18032786885245902,0.11475409836065574,0.16393442622950818,0.14754098360655737
11423,12.441950464396285,4520.65270819894,1074.0,-23.0,1292,265,184,1392.3653250773993,188014.8796022953,2349.0,227.0,8.525948876839658,4840.092930784983,1049.0,-61.0,1291,410,112,0.20510835913312694,0.14241486068111456,0.3175832687838885,0.08675445391169635
11433,14.740706241002625,4389.835369453737,1177.0,-46.0,11809,2565,1919,1537.5517826825128,250923.99061147418,2400.0,1.0,4.24968087822313,4906.7395264939005,1159.0,-85.0,11751,3311,1007,0.21720721483614192,0.16250317554407656,0.2817632541911327,0.08569483448217173
11447,55.1875,34739.347074468074,805.0,-32.0,48,11,8,1058.6808510638298,276013.8741905642,1927.0,520.0,38.191489361702125,27827.462534690098,805.0,-42.0,47,10,7,0.22916666666666666,0.16666666666666666,0.2127659574468085,0.14893617021276595
11468,-5.68,1786.5077551020408,264.0,-32.0,50,3,5,1139.56,292532.0881632654,1844.0,622.0,-6.24,2149.9820408163264,271.0,-39.0,50,10,9,0.06,0.1,0.2,0.18
11471,18.641509433962263,7017.9267053701,449.0,-19.0,53,11,10,1136.566037735849,223731.25036284464,2302.0,634.0,22.28301886792453,9260.168359941943,488.0,-31.0,53,19,8,0.20754716981132076,0.18867924528301888,0.3584905660377358,0.1509433962264151
11481,4.292517006802721,1120.7392393320965,313.0,-19.0,441,67,68,1374.2857142857142,177058.29090909072,2216.0,728.0,-1.489795918367347,1128.3822820037105,271.0,-45.0,441,84,42,0.15192743764172337,0.15419501133786848,0.19047619047619047,0.09523809523809523
11503,28.21861471861472,8148.179869660348,1149.0,-23.0,462,174,49,1672.0433839479392,117457.83289635001,2352.0,3.0,27.369230769230768,8582.60786174179,1162.0,-40.0,455,219,46,0.37662337662337664,0.10606060606060606,0.48131868131868133,0.1010989010989011
11525,2.259259259259259,5322.6107617051,526.0,-15.0,54,2,5,1151.611111111111,191504.24213836476,1653.0,719.0,-0.9814814814814815,5475.188329839275,526.0,-29.0,54,5,2,0.037037037037037035,0.09259259259259259,0.09259259259259259,0.037037037037037035
11537,-6.0,91.2121212121212,22.0,-25.0,34,2,1,1637.4411764705883,198016.73885918,2252.0,826.0,-6.823529411764706,230.93761140819967,25.0,-34.0,34,8,0,0.058823529411764705,0.029411764705882353,0.23529411764705882,0.0
11540,5.422758100979653,1606.422196610369,902.0,-21.0,1327,231,196,1364.7058823529412,188961.16776914572,2358.0,3.0,-0.10784313725490197,1695.2162856085808,904.0,-42.0,1326,308,89,0.17407686510926904,0.14770158251695553,0.23227752639517346,0.06711915535444947
11577,7.8933333333333335,2094.8803603603596,262.0,-19.0,75,13,12,1293.8933333333334,225651.96144144153,2238.0,704.0,-2.04,2315.8497297297304,243.0,-45.0,75,18,7,0.17333333333333334,0.16,0.24,0.09333333333333334
11587,32.18,20272.068979591837,957.0,-21.0,50,14,7,1629.02,128444.101632653,2032.0,1125.0,31.26,23098.19632653061,1017.0,-30.0,50,17,4,0.28,0.14,0.34,0.08
11603,21.873333333333335,5634.131059085839,599.0,-16.0,300,74,51,1436.96,228164.07866220738,2359.0,10.0,17.916666666666668,5664.97296544036,582.0,-43.0,300,106,36,0.24666666666666667,0.17,0.35333333333333333,0.12
11612,4.403030303030303,1537.6881366860093,464.0,-21.0,330,48,43,1339.709090909091,167390.15219673928,2237.0,702.0,-2.1458966565349544,1790.5335273185551,462.0,-45.0,329,76,29,0.14545454545454545,0.1303030303030303,0.23100303951367782,0.08814589665653495
11617,-0.702247191011236,731.2724243001334,170.0,-23.0,178,23,22,1366.561797752809,255301.81819336003,2238.0,623.0,-7.679775280898877,802.6708880848092,162.0,-53.0,178,28,10,0.12921348314606743,0.12359550561797752,0.15730337078651685,0.056179775280898875
11618,17.380859754911494,3135.137686333982,1129.0,-26.0,10282,2898,1476,1498.6856698122385,333554.29338384693,2400.0,1.0,11.5210855134713,3402.29917460989,1113.0,-83.0,10244,3820,920,0.2818517798093756,0.14355183816378136,0.37290121046466224,0.08980866848887153
11624,11.28491620111732,2010.7227757858761,356.0,-22.0,537,141,57,1613.4804469273743,139264.67545651627,2356.0,734.0,9.858757062146893,2112.6460505276605,360.0,-41.0,531,189,50,0.26256983240223464,0.10614525139664804,0.3559322033898305,0.09416195856873823
11630,-4.028901734104046,959.8542347323446,392.0,-27.0,346,28,25,1381.5623188405798,349902.6770643748,2335.0,159.0,-10.466666666666667,1028.2903100775197,399.0,-53.0,345,38,21,0.08092485549132948,0.07225433526011561,0.11014492753623188,0.06086956521739131
11637,29.72636815920398,10606.663093510011,1175.0,-24.0,402,139,45,1390.1225,230443.81202380944,2249.0,127.0,24.2425,10799.91347744361,1152.0,-40.0,400,159,44,0.34577114427860695,0.11194029850746269,0.3975,0.11
11638,10.22884012539185,5936.354481184665,1651.0,-24.0,957,180,151,1354.8756530825497,207895.76799447348,2350.0,28.0,8.444560669456067,6034.542473000499,1638.0,-38.0,956,269,100,0.18808777429467086,0.15778474399164055,0.2813807531380753,0.10460251046025104
11641,11.28735632183908,6673.213262599471,1175.0,-18.0,261,61,24,1452.6168582375478,220965.59879162992,2329.0,110.0,7.045977011494253,6674.7824933687,1170.0,-37.0,261,81,15,0.23371647509578544,0.09195402298850575,0.3103448275862069,0.05747126436781609
11648,5.366492146596858,2369.6333976302008,474.0,-15.0,191,25,21,1421.3874345549739,201314.44910443656,2039.0,204.0,-4.460732984293194,2877.7760815651695,461.0,-54.0,191,40,15,0.13089005235602094,0.1099476439790576,0.2094240837696335,0.07853403141361257
11695,6.442477876106195,2231.2846080910244,394.0,-19.0,113,16,16,1388.486725663717,181325.46634007577,2254.0,822.0,1.6814159292035398,2170.969026548672,367.0,-37.0,113,25,13,0.1415929203539823,0.1415929203539823,0.22123893805309736,0.11504424778761062
11697,11.273395565927654,1501.0909597606526,624.0,-23.0,8570,2234,1071,1507.07368052312,344385.7730360357,2400.0,1.0,5.473641145528931,1739.804396314983,619.0,-50.0,8555,2603,747,0.26067677946324386,0.1249708284714119,0.3042665108123904,0.08731735827001753
11721,9.45136186770428,1581.5845391536977,269.0,-22.0,257,57,32,1368.42578125,248396.778783701,2345.0,2.0,4.58984375,1976.3762101715688,285.0,-46.0,256,82,16,0.22178988326848248,0.1245136186770428,0.3203125,0.0625
11775,15.05989110707804,6697.2164065335755,1128.0,-28.0,551,114,83,1332.7277676950998,268626.1730275531,2352.0,16.0,9.312159709618875,7316.578742781717,1142.0,-48.0,551,160,53,0.20689655172413793,0.15063520871143377,0.29038112522686027,0.09618874773139746
11778,1.216867469879518,2089.2738955823284,518.0,-14.0,166,17,17,1376.1746987951808,223131.2238408178,2249.0,725.0,0.8192771084337349,2220.161080686382,512.0,-38.0,166,39,14,0.10240963855421686,0.10240963855421686,0.23493975903614459,0.08433734939759036
11823,16.68354430379747,3753.6696019079063,482.0,-20.0,553,130,90,1215.7554347826087,188985.2232008995,2305.0,33.0,13.808743169398907,4139.103865023335,480.0,-42.0,549,203,49,0.23508137432188064,0.162748643761302,0.3697632058287796,0.08925318761384335
11865,24.96551724137931,16718.946158499697,923.0,-17.0,58,13,11,1095.603448275862,162580.76981246224,2215.0,646.0,21.362068965517242,16224.44555353902,900.0,-33.0,58,19,4,0.22413793103448276,0.1896551724137931,0.3275862068965517,0.06896551724137931
11867,6.578947368421052,1799.0338345864657,191.0,-16.0,57,8,8,1172.3333333333333,158711.94047619044,1629.0,722.0,6.473684210526316,1753.6823308270673,180.0,-24.0,57,15,3,0.14035087719298245,0.14035087719298245,0.2631578947368421,0.05263157894736842
11884,6.743199129488574,2239.8097984690185,586.0,-22.0,919,144,139,1313.4004352557126,206966.62596930945,2325.0,48.0,0.08296943231441048,2348.2444746701035,594.0,-55.0,916,203,73,0.15669205658324264,0.1512513601741023,0.22161572052401746,0.07969432314410481
11898,16.28481012658228,7951.580786906397,997.0,-19.0,158,36,24,1368.867088607595,221755.37712650167,2325.0,553.0,11.259493670886076,8421.212488913972,1020.0,-42.0,158,46,18,0.22784810126582278,0.1518987341772152,0.2911392405063291,0.11392405063291139
11905,-1.847457627118644,142.3728813559322,50.0,-13.0,59,5,2,1409.457627118644,83634.04558737566,1954.0,1119.0,-2.4745762711864407,355.1502045587373,95.0,-30.0,59,14,3,0.0847457627118644,0.03389830508474576,0.23728813559322035,0.05084745762711865
11921,4.585365853658536,4008.4463585195313,858.0,-25.0,287,33,37,1405.8815331010453,187709.7201822567,2350.0,723.0,2.8257839721254356,4082.612899295826,869.0,-32.0,287,63,23,0.11498257839721254,0.1289198606271777,0.21951219512195122,0.08013937282229965
11953,6.101694915254237,1554.9811302636006,360.0,-20.0,354,57,38,1338.765536723164,241035.2054944704,2250.0,8.0,2.6505681818181817,1555.9259825822332,346.0,-31.0,352,90,19,0.16101694915254236,0.10734463276836158,0.2556818181818182,0.05397727272727273
11973,0.8845070422535212,735.6956632450066,224.0,-20.0,355,39,43,1325.1098591549296,204479.90032625143,2301.0,17.0,-1.228169014084507,906.7302777114662,227.0,-31.0,355,76,31,0.10985915492957747,0.12112676056338029,0.2140845070422535,0.08732394366197183
11977,15.018181818181818,5002.662282398452,843.0,-17.0,330,80,48,1322.0547112462007,195145.4787048708,2226.0,158.0,13.206686930091186,5504.451052709611,835.0,-33.0,329,124,29,0.24242424242424243,0.14545454545454545,0.3768996960486322,0.08814589665653495
11980,10.793814432989691,1185.811211340206,227.0,-15.0,97,26,12,1343.0103092783504,212654.51030927835,2202.0,733.0,0.7422680412371134,1611.443298969072,198.0,-44.0,97,25,10,0.26804123711340205,0.12371134020618557,0.25773195876288657,0.10309278350515463
11982,3.7327935222672064,1821.8957901319902,419.0,-15.0,247,35,25,1367.5384615384614,238456.09505941215,2242.0,540.0,-0.3048780487804878,1862.9474863115984,412.0,-38.0,246,66,10,0.1417004048582996,0.10121457489878542,0.2682926829268293,0.04065040650406504
11986,18.002152080344334,4021.2311511441167,1026.0,-23.0,1394,391,184,1411.509705248023,219614.55799926553,2342.0,11.0,12.852411807055436,4695.885262550755,1052.0,-58.0,1389,529,120,0.2804878048780488,0.13199426111908177,0.380849532037437,0.08639308855291576
11995,6.875734676742233,1569.092108178285,484.0,-29.0,1191,206,198,1356.7764705882353,208027.02148122495,2349.0,24.0,0.9193277310924369,1813.1608540472537,475.0,-52.0,1190,282,123,0.17296389588581024,0.16624685138539042,0.23697478991596638,0.10336134453781512
11996,6.439655172413793,2945.8893665764144,1500.0,-23.0,1160,208,176,1299.4460742018982,205043.77407567992,2309.0,622.0,-0.9378238341968912,3116.3504955195012,1508.0,-48.0,1158,245,98,0.1793103448275862,0.15172413793103448,0.21157167530224524,0.0846286701208981
12003,20.333333333333332,6111.396551724137,634.0,-13.0,117,24,20,1156.6239316239316,153197.5125257884,2233.0,712.0,9.350427350427351,6296.108900677862,637.0,-46.0,117,28,14,0.20512820512820512,0.17094017094017094,0.23931623931623933,0.11965811965811966
12007,-1.2439024390243902,902.5076784101173,221.0,-24.0,82,6,8,1304.378048780488,150817.17630231837,2004.0,827.0,-14.012195121951219,978.2591087021983,211.0,-39.0,82,6,6,0.07317073170731707,0.0975609756097561,0.07317073170731707,0.07317073170731707
12012,4.7727272727272725,1178.4122621564482,179.0,-18.0,44,9,7,1502.4772727272727,39578.90644820301,1910.0,1325.0,4.204545454545454,1300.7711416490488,179.0,-24.0,44,14,4,0.20454545454545456,0.1590909090909091,0.3181818181818182,0.09090909090909091
12016,0.704225352112676,262.15412474849103,64.0,-19.0,71,14,6,1378.2112676056338,257577.34044265593,1913.0,756.0,-2.9295774647887325,313.60925553319913,65.0,-33.0,71,16,5,0.19718309859154928,0.08450704225352113,0.22535211267605634,0.07042253521126761
12094,17.717741935483872,7317.936202167949,1053.0,-25.0,248,70,23,1687.6032388663969,48509.72811954837,2325.0,13.0,12.158536585365853,8037.6196615231465,1046.0,-54.0,246,87,18,0.28225806451612906,0.09274193548387097,0.35365853658536583,0.07317073170731707
12119,43.0,2026.888888888889,137.0,7.0,10,8,0,1354.8,412854.1777777778,2347.0,158.0,37.3,2154.6777777777775,125.0,-2.0,10,7,0,0.8,0.0,0.7,0.0
12124,0.13095238095238096,291.60915088927123,95.0,-16.0,84,12,10,1163.2619047619048,124668.65347102685,2221.0,756.0,4.678571428571429,290.3412220309811,98.0,-17.0,84,30,7,0.14285714285714285,0.11904761904761904,0.35714285714285715,0.08333333333333333
12129,6.134615384615385,2016.0011312217196,205.0,-16.0,52,5,6,1068.826923076923,99244.73416289594,1709.0,736.0,-4.269230769230769,2251.6907993966815,195.0,-39.0,52,8,4,0.09615384615384616,0.11538461538461539,0.15384615384615385,0.07692307692307693
12156,-1.6454545454545455,604.9465387823188,228.0,-18.0,110,9,9,1226.1090909090908,196091.7861551292,1946.0,706.0,-7.454545454545454,796.7639699749791,211.0,-43.0,110,18,5,0.08181818181818182,0.08181818181818182,0.16363636363636364,0.045454545454545456
12173,2.8997455470737914,1318.7428098105242,925.0,-25.0,3930,468,432,1342.398879266429,363004.58429428656,2359.0,1.0,1.003315480744708,1386.8078971680518,944.0,-56.0,3921,901,470,0.11908396946564885,0.1099236641221374,0.22978831930629942,0.11986738077021168
12177,2.5344827586206895,4081.3408953418043,473.0,-18.0,58,5,5,1186.2241379310344,124614.8436176648,1657.0,826.0,-1.9655172413793103,4083.051421657591,459.0,-29.0,58,8,4,0.08620689655172414,0.08620689655172414,0.13793103448275862,0.06896551724137931
12191,7.423670320747056,846.4801624447914,981.0,-19.0,4926,1182,473,1509.172623883022,267730.48045291484,2400.0,1.0,-2.1194393662400977,936.7419280074463,980.0,-48.0,4923,1098,347,0.23995127892813642,0.09602111246447421,0.2230347349177331,0.07048547633556775
12197,18.828235294117647,8182.912747176613,1270.0,-22.0,850,196,126,1441.9576470588236,252455.9510898635,2400.0,9.0,11.57193396226415,8573.062115735898,1282.0,-50.0,848,253,82,0.23058823529411765,0.14823529411764705,0.2983490566037736,0.09669811320754718
12206,1.8201219512195121,623.6892574774369,196.0,-16.0,328,46,46,1461.5274390243903,224562.5007738496,2347.0,611.0,-5.310975609756097,758.3617140299845,200.0,-43.0,328,55,22,0.1402439024390244,0.1402439024390244,0.1676829268292683,0.06707317073170732
12217,4.423188405797101,1364.7901726930436,381.0,-25.0,690,97,103,1454.4173913043478,221730.9111629962,2257.0,26.0,-0.11014492753623188,1554.643873709008,392.0,-42.0,690,151,54,0.14057971014492754,0.1492753623188406,0.21884057971014492,0.0782608695652174
12223,18.75,948.7236842105264,98.0,-11.0,20,10,2,1668.5,517860.68421052623,2354.0,8.0,15.75,1157.144736842105,99.0,-19.0,20,10,3,0.5,0.1,0.5,0.15
12244,14.538461538461538,3301.471153846154,342.0,-19.0,65,15,12,1143.5230769230768,149662.69086538462,2156.0,653.0,15.953846153846154,3503.5759615384586,325.0,-27.0,65,16,12,0.23076923076923078,0.18461538461538463,0.24615384615384617,0.18461538461538463
12255,23.71276595744681,9564.895104095174,682.0,-29.0,94,22,18,1455.5,324119.60752688174,2352.0,22.0,21.861702127659573,10718.507549759785,703.0,-42.0,94,29,12,0.23404255319148937,0.19148936170212766,0.30851063829787234,0.1276595744680851
12264,10.709658421672556,3671.2113851964773,1042.0,-32.0,5094,898,841,1505.1591355599214,272265.1666536059,2400.0,1.0,7.3911845730027546,4010.175619970244,1047.0,-66.0,5082,1459,486,0.1762858264625049,0.16509619159795838,0.28709169618260527,0.09563164108618655
12265,28.177777777777777,11727.331313131315,703.0,-36.0,45,19,4,1228.7333333333333,492870.92727272736,2140.0,1.0,25.466666666666665,11207.481818181815,684.0,-47.0,45,20,4,0.4222222222222222,0.08888888888888889,0.4444444444444444,0.08888888888888889
12266,6.789920022062879,1542.4916835349459,1035.0,-21.0,14504,2490,2316,1595.935808945334,238087.75704440632,2400.0,1.0,1.9387402336997857,1656.6254822187252,1021.0,-46.0,14463,3599,1322,0.17167677881963597,0.15968008825151683,0.2488418723639632,0.09140565581138077
12278,7.594351732991014,4496.267114585633,1041.0,-22.0,779,114,101,1358.96529562982,208447.72981078757,2309.0,309.0,3.1876606683804627,4768.289062474149,1043.0,-40.0,778,175,71,0.14634146341463414,0.12965340179717585,0.2249357326478149,0.09125964010282776
12280,6.485074626865671,2203.003534956795,355.0,-18.0,134,19,15,1448.6268656716418,162368.9273931097,2208.0,748.0,2.425373134328358,2310.697396476265,327.0,-50.0,134,28,15,0.1417910447761194,0.11194029850746269,0.208955223880597,0.11194029850746269
12323,6.342592592592593,1994.9454923383507,547.0,-15.0,540,84,76,1329.3265306122448,187041.70730597066,2357.0,621.0,-0.03896103896103896,2217.2531260560986,532.0,-37.0,539,107,51,0.15555555555555556,0.14074074074074075,0.19851576994434136,0.09461966604823747
12335,59.666666666666664,47560.654761904756,1216.0,-18.0,57,16,10,1579.3684210526317,124861.12969924808,2134.0,1114.0,46.98245614035088,47761.410401002504,1209.0,-51.0,57,16,8,0.2807017543859649,0.17543859649122806,0.2807017543859649,0.14035087719298245
12339,8.888136511375947,2081.342400536226,1008.0,-23.0,3692,690,549,1372.2671548684568,228523.46170712324,2400.0,2.0,4.728210697800706,2457.45001056721,1006.0,-57.0,3683,1068,318,0.18689057421451788,0.14869989165763814,0.28998099375509095,0.08634265544393158
12343,-4.566037735849057,696.134978229318,158.0,-24.0,53,6,5,1531.9622641509434,108283.53701015963,1952.0,1137.0,-12.981132075471699,801.4419448476054,137.0,-48.0,53,8,4,0.11320754716981132,0.09433962264150944,0.1509433962264151,0.07547169811320754
12389,10.4,3872.712500000001,345.0,-21.0,65,10,10,1142.7230769230769,111530.70336538463,1712.0,724.0,1.9846153846153847,3880.0778846153844,341.0,-51.0,65,13,5,0.15384615384615385,0.15384615384615385,0.2,0.07692307692307693
12391,9.41541755888651,889.0330665098197,219.0,-20.0,467,100,56,1410.9229122055674,218606.06271424773,2400.0,16.0,3.201284796573876,1072.8778524230088,217.0,-41.0,467,142,41,0.21413276231263384,0.11991434689507495,0.30406852248394006,0.08779443254817987
12397,43.04347826086956,20024.63043478261,840.0,-15.0,69,19,10,1273.2173913043478,225343.9079283887,2149.0,702.0,31.869565217391305,18990.35038363171,794.0,-44.0,69,22,8,0.2753623188405797,0.14492753623188406,0.3188405797101449,0.11594202898550725
12402,-2.4581589958158996,99.20055173986647,70.0,-14.0,478,33,33,1395.3995815899582,218343.99723252942,2211.0,449.0,-2.192468619246862,132.81822408182245,72.0,-26.0,478,79,27,0.06903765690376569,0.06903765690376569,0.16527196652719664,0.056485355648535567
12441,39.20987654320987,16907.63158538075,1261.0,-28.0,405,143,58,1528.7407407407406,194592.65786578675,2345.0,3.0,33.59753086419753,17415.6321721061,1259.0,-49.0,405,166,45,0.3530864197530864,0.14320987654320988,0.40987654320987654,0.1111111111111111
12448,5.5015432098765435,1307.2210177075576,396.0,-20.0,648,117,91,1385.6496913580247,186122.39177733887,2324.0,731.0,1.626543209876543,1445.0040548018392,378.0,-41.0,648,177,47,0.18055555555555555,0.1404320987654321,0.27314814814814814,0.07253086419753087
12451,7.876608629825889,2882.252849077366,935.0,-21.0,2642,446,383,1430.450170519136,229250.32721661232,2400.0,2.0,2.449165402124431,3000.0638285251916,911.0,-52.0,2636,605,228,0.1688115064345193,0.14496593489780468,0.2295144157814871,0.08649468892261002
12478,11.822980460775737,2403.9294815690346,1387.0,-24.0,10287,2304,1443,1516.5835765713173,326044.23175126396,2400.0,1.0,2.613145815020998,2885.9525952894255,1407.0,-75.0,10239,2947,864,0.22397200349956256,0.14027413240011666,0.28782107627698017,0.08438324055083504
12511,14.833333333333334,7186.242937853106,591.0,-16.0,60,12,10,1186.8,112562.84067796607,1748.0,48.0,20.383333333333333,6826.104802259885,577.0,-28.0,60,28,4,0.2,0.16666666666666666,0.4666666666666667,0.06666666666666667
12519,64.48,42574.523243243224,883.0,-37.0,75,19,10,1248.16,517043.0551351352,2400.0,1.0,63.0945945945946,44367.867641614204,899.0,-44.0,74,24,9,0.25333333333333335,0.13333333333333333,0.32432432432432434,0.12162162162162163
12523,3.701388888888889,2236.474980642663,455.0,-42.0,288,61,32,1447.6560283687943,334479.3225436007,2359.0,7.0,6.691489361702128,2820.292382827287,574.0,-60.0,282,96,18,0.21180555555555555,0.1111111111111111,0.3404255319148936,0.06382978723404255
12544,4.027397260273973,1003.0825722983258,209.0,-23.0,73,18,4,1649.6164383561643,227582.6008371385,2353.0,7.0,2.861111111111111,1450.5719874804392,264.0,-46.0,72,23,1,0.2465753424657534,0.0547945205479452,0.3194444444444444,0.013888888888888888
12758,0.781696053736356,822.8649083814876,485.0,-27.0,1191,153,127,1402.6750629722922,401521.3035709002,2400.0,5.0,-1.2554621848739496,886.4342636634138,510.0,-54.0,1190,260,107,0.12846347607052896,0.10663308144416457,0.2184873949579832,0.08991596638655462
12819,5.129411764705883,3066.9654020187954,322.0,-29.0,170,30,19,1598.9171597633135,223122.9335728374,2352.0,9.0,3.1242603550295858,2571.38327697943,307.0,-40.0,169,48,12,0.17647058823529413,0.11176470588235295,0.28402366863905326,0.07100591715976332
12884,15.592436974789916,8673.364837074072,1069.0,-24.0,238,54,36,1311.8776371308018,230272.77733676595,2350.0,602.0,10.75,9339.48191489362,1070.0,-51.0,236,82,15,0.226890756302521,0.15126050420168066,0.3474576271186441,0.0635593220338983
12888,10.096153846153847,2515.3435143288084,214.0,-22.0,52,11,9,1062.3461538461538,149896.26998491702,1636.0,645.0,13.26923076923077,2698.788838612368,227.0,-33.0,52,20,6,0.21153846153846154,0.17307692307692307,0.38461538461538464,0.11538461538461539
12889,7.544918434556177,1489.353699857394,1263.0,-24.0,13057,2817,1430,1483.2757564151666,314218.0698082506,2400.0,1.0,2.081333844384822,1696.211338913752,1248.0,-66.0,13045,3577,970,0.2157463429578004,0.10951979780960404,0.2742046761211192,0.07435799156765044
12891,3.195876288659794,729.7424828178696,121.0,-17.0,97,19,15,1267.9278350515465,151654.67182130588,1900.0,748.0,6.587628865979381,866.7865120274915,140.0,-27.0,97,37,9,0.1958762886597938,0.15463917525773196,0.38144329896907214,0.09278350515463918
12892,8.954040489482885,1867.2792433452976,1416.0,-26.0,17733,3773,2328,1495.843220338983,343011.26899465645,2400.0,1.0,1.5842582106455265,2140.5564088443625,1422.0,-68.0,17660,4671,1374,0.21276715727739243,0.13128066317036036,0.2644960362400906,0.07780294450736126
12896,-0.16261682242990655,437.7394238510275,187.0,-19.0,535,56,57,1338.8897196261682,187906.3042948649,2315.0,550.0,-3.209345794392523,499.75009975847917,182.0,-31.0,535,103,32,0.10467289719626169,0.10654205607476636,0.1925233644859813,0.059813084112149535
12898,1.435897435897436,1241.5218115218117,251.0,-24.0,78,12,10,1495.3076923076924,278595.8261738261,2343.0,855.0,-7.756410256410256,1560.7061272061271,240.0,-53.0,78,14,5,0.15384615384615385,0.1282051282051282,0.1794871794871795,0.0641025641025641
12899,-4.568627450980392,429.29019607843156,120.0,-19.0,51,4,5,974.9411764705883,150841.05647058823,1624.0,622.0,-9.803921568627452,562.7207843137253,120.0,-34.0,51,7,3,0.0784313725490196,0.09803921568627451,0.13725490196078433,0.058823529411764705
12902,-1.1320754716981132,736.1937590711176,119.0,-18.0,53,6,4,1144.673076923077,371470.5380844645,1927.0,506.0,3.4705882352941178,1001.5341176470588,124.0,-31.0,51,13,5,0.11320754716981132,0.07547169811320754,0.2549019607843137,0.09803921568627451
12915,-1.7005988023952097,856.7411442175893,224.0,-25.0,167,14,17,1245.6646706586826,238073.8266358849,2229.0,621.0,-2.3473053892215567,934.4569655868987,213.0,-45.0,167,32,12,0.08383233532934131,0.10179640718562874,0.19161676646706588,0.0718562874251497
12917,28.341463414634145,2475.1804878048783,215.0,-20.0,41,22,6,1860.6097560975609,294454.74390243896,2341.0,28.0,27.048780487804876,2626.14756097561,220.0,-25.0,41,22,3,0.5365853658536586,0.14634146341463414,0.5365853658536586,0.07317073170731707
12945,13.564864864864864,4877.193351131922,990.0,-21.0,740,157,109,1307.9567567567567,245810.96971071188,2358.0,28.0,9.925575101488498,5230.112339607835,993.0,-53.0,739,228,76,0.21216216216216216,0.1472972972972973,0.3085250338294993,0.10284167794316644
12951,2.886746987951807,1358.6175775566028,392.0,-21.0,415,56,53,1339.4867469879518,176651.35670799128,2333.0,617.0,2.212048192771084,1524.1626564227922,380.0,-44.0,415,123,25,0.13493975903614458,0.12771084337349398,0.2963855421686747,0.060240963855421686
12953,19.632710978342047,3088.8536614079835,1072.0,-28.0,13390,4220,1695,1501.1892760993119,270871.9421092059,2400.0,1.0,13.201198501872659,3534.5595610775395,1071.0,-73.0,13350,5174,1138,0.31516056758775207,0.12658700522778193,0.38756554307116103,0.08524344569288389
12954,5.018302828618968,1139.5433782995583,613.0,-19.0,1202,203,170,1385.9933444259568,223645.90170420954,2316.0,13.0,1.040765391014975,1267.5512094053622,601.0,-51.0,1202,279,119,0.16888519134775373,0.14143094841930118,0.23211314475873543,0.09900166389351081
12982,1.2671957671957672,2119.5463721822935,1347.0,-29.0,1134,141,94,1451.1146384479719,383635.79620211944,2400.0,1.0,-0.1598939929328622,2187.5385138702727,1339.0,-57.0,1132,276,101,0.12433862433862433,0.08289241622574955,0.24381625441696114,0.0892226148409894
12992,3.594274432379072,1037.0318644186816,405.0,-18.0,1013,148,145,1374.2369200394867,201024.1967778563,2319.0,602.0,-0.2490118577075099,1153.192135521123,384.0,-50.0,1012,240,69,0.14610069101678183,0.14313919052319843,0.23715415019762845,0.06818181818181818
13029,4.764227642276423,2768.493136078903,548.0,-19.0,123,15,11,1258.040650406504,202770.2688258029,2153.0,645.0,0.7804878048780488,3122.45141943223,544.0,-41.0,123,34,10,0.12195121951219512,0.08943089430894309,0.2764227642276423,0.08130081300813008
13061,3.7473684210526317,1764.6977443609023,352.0,-21.0,190,23,21,1279.7842105263157,220830.47699805052,2320.0,607.0,0.19473684210526315,1938.8560568086875,359.0,-38.0,190,41,19,0.12105263157894737,0.11052631578947368,0.21578947368421053,0.1
13076,5.2700729927007295,1558.2574066122804,237.0,-19.0,137,22,22,1238.897810218978,230078.8424216402,2315.0,700.0,2.116788321167883,1817.1627307857445,216.0,-42.0,137,34,15,0.16058394160583941,0.16058394160583941,0.24817518248175183,0.10948905109489052
13121,27.046511627906977,7123.712070874863,358.0,-26.0,43,14,7,1518.2790697674418,229573.15836101878,2307.0,28.0,28.547619047619047,7153.71718931475,339.0,-29.0,42,15,6,0.32558139534883723,0.16279069767441862,0.35714285714285715,0.14285714285714285
13127,-5.6875,210.12301587301585,90.0,-26.0,64,2,5,1118.578125,146227.93030753967,1849.0,719.0,-15.265625,281.43625992063494,81.0,-46.0,64,4,3,0.03125,0.078125,0.0625,0.046875
13139,-4.521739130434782,78.83285024154588,34.0,-15.0,46,3,2,985.0652173913044,49504.328985507236,1242.0,737.0,-16.630434782608695,143.48260869565215,11.0,-38.0,46,2,0,0.06521739130434782,0.043478260869565216,0.043478260869565216,0.0
13158,3.902506963788301,3676.500942102458,1438.0,-24.0,718,109,116,1355.4741980474198,223639.3921405918,2241.0,556.0,0.606694560669456,3690.4205137794816,1426.0,-32.0,717,170,54,0.15181058495821728,0.1615598885793872,0.23709902370990238,0.07531380753138076
13184,10.797687861271676,4600.359994622932,677.0,-17.0,173,30,31,1191.8843930635837,202275.87027826312,2203.0,546.0,5.184971098265896,4844.128377470094,663.0,-40.0,173,42,18,0.17341040462427745,0.1791907514450867,0.24277456647398843,0.10404624277456648
13198,7.779067068925505,2304.8550770310176,1408.0,-31.0,4309,818,574,1461.6156707742387,223431.30923343988,2359.0,1.0,2.2010249242953646,2618.604733338842,1389.0,-54.0,4293,1148,320,0.1898352285913205,0.13320956138315154,0.26741206615420454,0.07453994875378524
13204,9.00413118624062,1678.9000672488899,1394.0,-22.0,11861,2632,1494,1462.5985826373071,291554.815563296,2400.0,1.0,3.0095463377544984,1832.987827075353,1390.0,-50.0,11837,3170,988,0.22190371806761655,0.1259590253772869,0.2678043423164653,0.08346709470304976
13230,13.968354430379748,6112.089905531617,1184.0,-23.0,474,89,81,1452.1585623678648,225262.0616691153,2345.0,114.0,10.76955602536998,6534.881105099076,1179.0,-56.0,473,165,44,0.1877637130801688,0.17088607594936708,0.3488372093023256,0.09302325581395349
13232,14.590909090909092,1049.208214268418,455.0,-26.0,5632,2151,499,1493.7064366998577,335174.8031881546,2400.0,1.0,7.609786476868328,1290.7281120739983,441.0,-61.0,5620,2242,332,0.3819247159090909,0.08860085227272728,0.398932384341637,0.05907473309608541
13241,58.93103448275862,39650.692862870885,1383.0,-35.0,87,31,9,1594.3333333333333,468403.36434108537,2359.0,4.0,55.241379310344826,39322.65036086609,1377.0,-47.0,87,37,8,0.3563218390804598,0.10344827586206896,0.42528735632183906,0.09195402298850575
13244,5.429704016913319,1715.4011901820425,1012.0,-29.0,1892,278,260,1421.913802221047,200328.50420622318,2358.0,8.0,1.4730158730158731,1904.715258766288,1018.0,-47.0,1890,468,151,0.14693446088794926,0.13742071881606766,0.24761904761904763,0.07989417989417989
13256,1.5,814.1758104738152,188.0,-22.0,402,55,56,1421.8283582089553,198162.06273495333,2343.0,629.0,-1.1865671641791045,852.965105891986,179.0,-31.0,402,74,38,0.13681592039800994,0.13930348258706468,0.18407960199004975,0.0945273631840796
13264,29.053731343283584,14330.607882741968,1421.0,-27.0,335,97,46,1415.1283582089552,220973.1661095719,2343.0,16.0,29.250746268656716,14396.457896148011,1412.0,-43.0,335,147,34,0.28955223880597014,0.1373134328358209,0.4388059701492537,0.10149253731343283
13277,8.808219178082192,2539.042131525679,459.0,-25.0,292,54,41,1347.4623287671234,175530.86111895664,2224.0,721.0,3.613013698630137,2569.447665113215,448.0,-45.0,292,76,24,0.18493150684931506,0.1404109589041096,0.2602739726027397,0.0821917808219178
13290,16.944444444444443,4797.58888888889,557.0,-21.0,126,26,24,1248.6746031746031,213835.54926984129,2020.0,637.0,10.420634920634921,5015.71765079365,544.0,-47.0,126,37,16,0.20634920634920634,0.19047619047619047,0.29365079365079366,0.12698412698412698
13296,2.6306620209059233,684.5369988628829,201.0,-24.0,574,75,78,1363.226480836237,215363.69730801266,2343.0,656.0,-2.6660839160839163,960.0231559158877,200.0,-55.0,572,138,33,0.13066202090592335,0.13588850174216027,0.24125874125874125,0.057692307692307696
13303,9.245949738487052,1621.0806084338083,1032.0,-17.0,7839,1707,1077,1534.1779650197882,406094.804892333,2400.0,1.0,7.747088186356073,1817.8456536426365,1023.0,-50.0,7813,2851,608,0.21775736701109835,0.13738997321086874,0.36490464610264944,0.0778190195827467
13342,13.37269214255045,3135.2175701118,1165.0,-26.0,2329,538,304,1465.5444778685003,239420.64967607104,2358.0,2.0,7.437177280550775,3725.428251348665,1157.0,-65.0,2324,743,201,0.23100042936882784,0.13052812365822242,0.31970740103270223,0.08648881239242685
13344,7.604166666666667,1861.4357269503548,213.0,-20.0,48,10,9,1018.75,138545.46808510635,1548.0,604.0,6.791666666666667,2426.6790780141846,199.0,-40.0,48,16,6,0.20833333333333334,0.1875,0.3333333333333333,0.125
13360,-0.06698564593301436,593.7070298122931,280.0,-14.0,209,23,23,1412.0526315789473,171269.09817813762,2332.0,706.0,-6.889952153110048,612.4061004784689,262.0,-45.0,209,31,7,0.11004784688995216,0.11004784688995216,0.14832535885167464,0.03349282296650718
13367,21.061381074168796,6192.150068856979,993.0,-15.0,391,116,48,1430.491002570694,222952.6680889407,2353.0,651.0,20.56958762886598,6567.3517341964325,984.0,-43.0,388,176,35,0.2966751918158568,0.12276214833759591,0.4536082474226804,0.09020618556701031
13377,3.9912663755458517,1664.6051865471545,383.0,-21.0,229,33,28,1326.1447368421052,209527.88644794814,2315.0,653.0,-0.5307017543859649,1652.5409034701286,366.0,-36.0,228,48,20,0.14410480349344978,0.1222707423580786,0.21052631578947367,0.08771929824561403
13388,36.472972972972975,18743.40336912257,1117.0,-20.0,74,30,8,1589.945945945946,78224.29840799703,2103.0,1151.0,38.95945945945946,18954.614772306555,1116.0,-34.0,74,40,6,0.40540540540540543,0.10810810810810811,0.5405405405405406,0.08108108108108109
13422,6.183294663573085,1569.5686505152953,318.0,-19.0,431,74,55,1444.8283062645012,229609.35184805462,2348.0,3.0,0.8325581395348837,1635.179357077032,307.0,-41.0,430,107,33,0.1716937354988399,0.12761020881670534,0.24883720930232558,0.07674418604651163
13433,18.065217391304348,5330.149000317359,502.0,-20.0,138,29,23,1349.5144927536232,184600.4851898867,2346.0,731.0,11.03623188405797,5303.203057230511,492.0,-33.0,138,39,17,0.21014492753623187,0.16666666666666666,0.2826086956521739,0.12318840579710146
13459,28.764044943820224,9643.114147088863,625.0,-13.0,89,21,19,1147.4831460674156,188729.72982635352,2031.0,705.0,19.15730337078652,11023.270429009192,627.0,-47.0,89,24,11,0.23595505617977527,0.21348314606741572,0.2696629213483146,0.12359550561797752
13476,3.934659090909091,1476.6367440429938,270.0,-27.0,352,62,58,1327.284090909091,158415.85638435636,2142.0,623.0,1.7606837606837606,1655.8911355311348,261.0,-42.0,351,89,36,0.17613636363636365,0.16477272727272727,0.2535612535612536,0.10256410256410256
13485,14.077314343845371,4225.81886365567,1116.0,-24.0,983,232,135,1454.0570264765784,229047.38716260652,2400.0,4.0,8.81734693877551,4703.867523086861,1140.0,-59.0,980,303,106,0.23601220752797558,0.1373346897253306,0.30918367346938774,0.10816326530612246
13486,1.624413145539906,636.5375143945432,193.0,-24.0,213,27,29,1272.4929577464789,169410.19452564436,2055.0,709.0,-8.995305164319248,812.4009212507751,163.0,-46.0,213,39,15,0.1267605633802817,0.13615023474178403,0.18309859154929578,0.07042253521126761
13487,10.043536391743963,3109.613431183334,1266.0,-21.0,11967,2220,1822,1559.869677959013,259364.55069083712,2400.0,1.0,-3.193540268456376,3507.448318030085,1237.0,-70.0,11920,2633,871,0.18551015292053147,0.1522520264059497,0.22088926174496645,0.07307046979865772
13495,6.155335533553355,1147.2434711957128,487.0,-25.0,4545,824,635,1523.9557561082984,226733.49760171204,2358.0,1.0,-0.44965851509142984,1318.0192258639713,476.0,-49.0,4539,1010,391,0.1812981298129813,0.1397139713971397,0.22251597268120732,0.08614232209737828
13502,10.211538461538462,1526.5057599405413,257.0,-22.0,208,60,17,1580.3173076923076,115304.53651059091,2211.0,1013.0,2.6778846153846154,1657.3401848755097,252.0,-46.0,208,64,19,0.28846153846153844,0.08173076923076923,0.3076923076923077,0.09134615384615384
13577,7.373239436619718,4175.722880492834,1229.0,-23.0,568,94,84,1306.6883802816901,293135.50942382665,2353.0,6.0,2.0793650793650795,4386.592629984853,1203.0,-42.0,567,118,62,0.16549295774647887,0.14788732394366197,0.20811287477954143,0.10934744268077601
13795,0.9,500.1675675675675,222.0,-15.0,260,34,34,1282.2,259782.36911196914,2245.0,7.0,-7.0346153846153845,596.3269824769824,206.0,-39.0,260,48,14,0.13076923076923078,0.13076923076923078,0.18461538461538463,0.05384615384615385
13796,4.774005819592628,480.38112379914133,356.0,-23.0,4124,768,455,1483.2524248302618,263073.2025771887,2400.0,1.0,-1.2757281553398059,578.8358273405037,342.0,-70.0,4120,949,346,0.18622696411251213,0.11032977691561591,0.23033980582524272,0.08398058252427185
13829,35.875,1521.8392857142858,91.0,0.0,8,5,0,1167.0,53803.42857142856,1717.0,1022.0,35.25,1572.5,85.0,-5.0,8,5,0,0.625,0.0,0.625,0.0
13830,4.270076481835564,3195.276139066354,1229.0,-23.0,2092,282,178,1465.3601147776183,393679.4984849623,2400.0,3.0,2.5631578947368423,3294.425161875491,1226.0,-61.0,2090,547,171,0.13479923518164436,0.08508604206500955,0.2617224880382775,0.08181818181818182
13832,49.9,6747.877777777777,268.0,-24.0,10,9,1,1751.4,421555.1555555555,2207.0,116.0,52.9,7711.4333333333325,257.0,-40.0,10,7,1,0.9,0.1,0.7,0.1
13851,10.285714285714286,4537.307150680646,1179.0,-23.0,1827,319,244,1367.881513987932,209567.34050879328,2359.0,12.0,6.221978021978022,4885.017218735082,1167.0,-47.0,1820,464,163,0.1746031746031746,0.13355227148330598,0.2549450549450549,0.08956043956043956
13871,10.954498977505112,3618.4229925365726,1245.0,-28.0,1956,384,266,1403.830179028133,222695.03869981391,2400.0,2.0,4.680840163934426,4163.138986889866,1270.0,-76.0,1952,531,160,0.19631901840490798,0.1359918200408998,0.27202868852459017,0.08196721311475409
13873,-8.491803278688524,411.0540983606558,85.0,-29.0,61,5,5,1696.5573770491803,184801.5508196721,2310.0,942.0,-11.0,415.2666666666666,80.0,-42.0,61,9,4,0.08196721311475409,0.08196721311475409,0.14754098360655737,0.06557377049180328
13891,5.941212492345376,1594.8752183819013,936.0,-24.0,1633,273,268,1385.6533986527863,231459.85650958176,2349.0,9.0,0.030006123698714023,1764.5242216298623,938.0,-42.0,1633,343,133,0.16717697489283528,0.16411512553582364,0.21004286589099816,0.08144519289650949
13930,20.904818814289982,4036.5388315671694,1566.0,-20.0,23429,7578,3040,1538.8923379510861,302571.432715053,2400.0,1.0,19.170894754885158,4493.705441256374,1556.0,-66.0,23336,10052,2026,0.3234453028298263,0.12975372401724358,0.4307507713404182,0.08681864929722317
13931,13.103778605641299,5451.997211486644,1303.0,-25.0,1879,381,294,1360.1466666666668,232430.6001422978,2356.0,7.0,8.11425520555259,5796.80104133868,1322.0,-54.0,1873,504,194,0.20276742948376797,0.15646620542841938,0.26908702616123864,0.10357714895888948
13933,19.477272727272727,6455.493730407521,508.0,-20.0,88,19,14,1570.3863636363637,434273.96394984314,2354.0,219.0,13.352272727272727,6120.276776384534,491.0,-49.0,88,26,12,0.2159090909090909,0.1590909090909091,0.29545454545454547,0.13636363636363635
13964,4.48,809.0933333333334,75.0,-18.0,25,6,6,1535.64,2159.073333333332,1639.0,1500.0,-1.36,939.7399999999999,70.0,-29.0,25,6,5,0.24,0.24,0.24,0.2
13970,-7.306451612903226,721.527498677948,105.0,-29.0,62,6,6,1486.7540983606557,240969.3885245902,2151.0,935.0,-7.344262295081967,691.2628415300546,102.0,-32.0,61,7,6,0.0967741935483871,0.0967741935483871,0.11475409836065574,0.09836065573770492
13983,36.666666666666664,3978.0,167.0,-12.0,9,4,0,1529.888888888889,323182.1111111111,2242.0,155.0,35.0,4082.2499999999995,167.0,-26.0,9,5,1,0.4444444444444444,0.0,0.5555555555555556,0.1111111111111111
14006,17.886363636363637,4899.044409613376,454.0,-33.0,88,25,11,1304.7241379310344,433881.92301523633,2353.0,16.0,11.862068965517242,2900.0737770649557,207.0,-40.0,87,31,11,0.2840909090909091,0.125,0.3563218390804598,0.12643678160919541
14025,9.74766355140187,4373.794216187622,620.0,-27.0,107,23,11,1245.4766355140187,152857.8744489508,2238.0,246.0,9.80373831775701,4666.27243872333,621.0,-50.0,107,40,10,0.21495327102803738,0.102803738317757,0.37383177570093457,0.09345794392523364
14027,15.000415282392026,2647.4428747755383,523.0,-33.0,2408,659,305,1509.1622971285892,232463.21011828448,2400.0,2.0,8.692693110647182,2852.10351801564,507.0,-45.0,2395,727,257,0.27367109634551495,0.12666112956810632,0.3035490605427975,0.10730688935281837
14057,4.565060496709828,2037.229258802074,1421.0,-25.0,4711,680,669,1462.3325546825229,230791.27128703633,2400.0,1.0,-0.320578231292517,2209.8844499313673,1398.0,-65.0,4704,1014,353,0.14434302695818296,0.14200806622797707,0.21556122448979592,0.07504251700680271
14082,8.270142180094787,1522.0266123312813,316.0,-21.0,422,104,44,1370.7030878859857,195467.80449044215,2400.0,11.0,5.971360381861575,1517.9513309200536,318.0,-45.0,419,144,34,0.24644549763033174,0.10426540284360189,0.3436754176610978,0.081145584725537
14098,-2.7094017094017095,435.19068670792814,193.0,-19.0,117,11,15,1482.3589743589744,211715.18037135282,2219.0,743.0,-7.299145299145299,497.4873268493959,186.0,-33.0,117,17,4,0.09401709401709402,0.1282051282051282,0.1452991452991453,0.03418803418803419
14100,4.701033243486074,1362.3311412438763,1146.0,-25.0,8904,1314,1275,1545.005957064179,247601.1545283585,2400.0,1.0,-1.441252675453419,1659.236662153026,1148.0,-74.0,8877,2091,689,0.14757412398921832,0.14319407008086255,0.23555255153768165,0.0776163118170553
14107,6.392455418381345,1282.5412147675422,1191.0,-24.0,14580,2681,1904,1542.5093018466396,276092.8101393378,2400.0,1.0,-0.1233149931224209,1432.5732097267594,1186.0,-61.0,14540,3391,1151,0.18388203017832647,0.13058984910836763,0.23321870701513067,0.07916093535075654
14108,13.497005988023952,1893.3017928107759,241.0,-18.0,334,78,54,1406.8323353293413,167697.67150383902,2350.0,649.0,12.01497005988024,2394.933709158259,262.0,-39.0,334,117,39,0.23353293413173654,0.16167664670658682,0.3502994011976048,0.11676646706586827
14109,14.0,3012.5862068965525,223.0,-36.0,59,12,10,1238.135593220339,366516.25715955585,2135.0,559.0,12.932203389830509,3237.167738164816,208.0,-45.0,59,20,8,0.2033898305084746,0.1694915254237288,0.3389830508474576,0.13559322033898305
14112,-3.5940959409594098,423.95693365436404,285.0,-30.0,542,71,45,1310.9852398523985,185083.41567822327,2347.0,712.0,-6.695009242144177,482.5679194906552,271.0,-53.0,541,96,27,0.13099630996309963,0.08302583025830258,0.17744916820702403,0.04990757855822551
14113,-4.397849462365591,211.3508648901356,100.0,-21.0,93,7,7,1322.720430107527,228539.26881720437,2019.0,717.0,-7.193548387096774,368.5273492286114,90.0,-34.0,93,15,5,0.07526881720430108,0.07526881720430108,0.16129032258064516,0.053763440860215055
14122,8.737386804657179,2214.01460859387,903.0,-24.0,3865,721,609,1389.582944530845,232543.2833699122,2359.0,4.0,5.312759336099585,2665.9348410481625,910.0,-56.0,3856,1210,318,0.18654592496765848,0.1575679172056921,0.3137966804979253,0.08246887966804979
14150,29.757142857142856,10048.186542443062,438.0,-41.0,70,17,12,1426.9411764705883,406017.69798068475,2332.0,258.0,25.0,10479.492537313432,424.0,-54.0,68,22,8,0.24285714285714285,0.17142857142857143,0.3235294117647059,0.11764705882352941
14193,2.712206047032475,1942.5729113835034,969.0,-20.0,893,117,119,1400.3057110862262,181599.8313238493,2320.0,147.0,-0.9876543209876543,2098.407712581495,961.0,-36.0,891,167,73,0.13101903695408734,0.13325867861142218,0.18742985409652077,0.0819304152637486
14222,3.0,45.2,13.0,-5.0,11,3,0,557.8181818181819,497.76363636363686,602.0,537.0,0.5454545454545454,68.67272727272727,12.0,-13.0,11,5,0,0.2727272727272727,0.0,0.45454545454545453,0.0
14237,-3.5806451612903225,258.6081438392385,59.0,-21.0,62,10,7,1352.5806451612902,33359.19830777367,1626.0,1132.0,-4.516129032258065,414.90957165520894,50.0,-36.0,62,18,2,0.16129032258064516,0.11290322580645161,0.2903225806451613,0.03225806451612903
14252,17.369565217391305,10796.395271342435,1132.0,-20.0,138,26,26,1520.2246376811595,148260.05865862692,2344.0,22.0,7.442028985507246,11460.263038188936,1141.0,-52.0,138,30,17,0.18840579710144928,0.18840579710144928,0.21739130434782608,0.12318840579710146
14254,12.421875,1411.7715773809518,159.0,-24.0,64,17,11,622.171875,13344.335069444445,832.0,441.0,8.859375,1395.7735615079368,145.0,-34.0,64,22,6,0.265625,0.171875,0.34375,0.09375
14256,7.254545454545455,3268.3043771043776,293.0,-28.0,55,12,5,1411.673076923077,35153.59690799398,2009.0,1206.0,2.730769230769231,1814.357466063348,264.0,-28.0,52,15,3,0.21818181818181817,0.09090909090909091,0.28846153846153844,0.057692307692307696
14259,10.84375,1578.5877016129027,205.0,-22.0,32,8,4,1401.9032258064517,395834.4903225807,2328.0,3.0,8.580645161290322,685.3849462365592,68.0,-37.0,31,15,0,0.25,0.125,0.4838709677419355,0.0
14262,9.177847113884555,2307.5998835737955,442.0,-22.0,1282,255,182,1452.6138845553821,234873.2473636651,2352.0,4.0,5.09594383775351,2560.553629124087,445.0,-48.0,1282,320,133,0.19890795631825273,0.1419656786271451,0.24960998439937598,0.10374414976599064
14288,-2.3544303797468356,477.3855890944498,90.0,-21.0,79,12,11,1372.4810126582279,524975.5605322946,2353.0,8.0,-2.5822784810126582,600.8104511522233,90.0,-37.0,79,18,6,0.1518987341772152,0.13924050632911392,0.22784810126582278,0.0759493670886076
14307,8.881853281853282,2159.388658077368,1057.0,-20.0,1295,264,176,1430.8778035576179,254048.86586142614,2349.0,6.0,0.6643464810518175,2315.0265683999805,1036.0,-60.0,1293,330,104,0.20386100386100386,0.13590733590733592,0.2552204176334107,0.08043310131477185
14314,17.956521739130434,1756.086956521739,229.0,-12.0,46,21,4,1444.5869565217392,75590.69227053142,1825.0,930.0,12.0,1926.0888888888892,213.0,-21.0,46,19,5,0.45652173913043476,0.08695652173913043,0.41304347826086957,0.10869565217391304
14321,8.162393162393162,2126.6355023958454,505.0,-22.0,702,129,119,1367.0485021398003,222016.0862156102,2349.0,18.0,0.1357142857142857,2343.1560903331283,493.0,-62.0,700,179,54,0.18376068376068377,0.16951566951566951,0.2557142857142857,0.07714285714285714
14457,26.942307692307693,15148.162681912687,1349.0,-19.0,260,67,36,1320.7451737451738,145314.52395917533,2344.0,816.0,19.888030888030887,15792.541677890511,1354.0,-48.0,259,82,34,0.25769230769230766,0.13846153846153847,0.3166023166023166,0.13127413127413126
14487,11.941176470588236,2727.460784313725,229.0,-27.0,85,18,18,1285.5647058823529,259335.08207282913,2343.0,642.0,8.811764705882354,3498.559383753503,288.0,-34.0,85,23,12,0.21176470588235294,0.21176470588235294,0.27058823529411763,0.1411764705882353
14489,36.75298804780876,18919.290741035846,1199.0,-26.0,251,61,44,1398.3904382470118,245094.68694820718,2339.0,6.0,33.808764940239044,20006.131282868544,1201.0,-56.0,251,80,37,0.24302788844621515,0.1752988047808765,0.3187250996015936,0.14741035856573706
14492,11.600512710959197,3149.0814014464686,1081.0,-30.0,4681,973,707,1429.7462048321574,242916.4862585836,2400.0,3.0,6.8083101306489615,3415.532013189142,1080.0,-59.0,4669,1295,460,0.20786156804101688,0.15103610339671011,0.2773613193403298,0.09852216748768473
14512,43.1875,42635.347074468074,1409.0,-22.0,48,20,2,1825.875,163432.96276595752,2354.0,146.0,43.833333333333336,44092.780141843956,1432.0,-31.0,48,26,3,0.4166666666666667,0.041666666666666664,0.5416666666666666,0.0625
14520,10.39344262295082,2306.7759562841534,248.0,-14.0,61,12,10,1246.5573770491803,212788.58415300542,1910.0,725.0,9.311475409836065,2132.084699453552,218.0,-30.0,61,21,7,0.19672131147540983,0.16393442622950818,0.3442622950819672,0.11475409836065574
14524,10.152150537634409,2548.287219686847,1042.0,-25.0,1860,351,281,1357.4827771797632,227902.9251205544,2356.0,5.0,6.433423180592992,3050.0051390306376,1027.0,-54.0,1855,531,182,0.18870967741935485,0.1510752688172043,0.2862533692722372,0.09811320754716982
14543,11.0,2868.1,256.0,-13.0,61,10,10,1254.016393442623,307769.71639344265,2231.0,645.0,11.459016393442623,3416.4524590163933,265.0,-30.0,61,20,7,0.16393442622950818,0.16393442622950818,0.32786885245901637,0.11475409836065574
14570,11.111837802485285,5251.433164748539,1413.0,-22.0,1529,282,219,1395.2905759162304,230422.06220320423,2356.0,5.0,7.447575360419397,5568.413971166456,1442.0,-53.0,1526,389,154,0.18443427076520602,0.1432308698495749,0.2549148099606815,0.10091743119266056
14574,10.95631067961165,2004.6371063225201,293.0,-19.0,206,49,25,1353.6926829268293,165032.44921090393,2257.0,704.0,7.323529411764706,2438.22978846711,317.0,-40.0,204,63,21,0.23786407766990292,0.12135922330097088,0.3088235294117647,0.10294117647058823
14576,14.845029239766081,4414.474497218661,1026.0,-22.0,1026,242,147,1313.6058536585365,222271.4089500762,2352.0,2.0,7.72,4867.686171875005,1026.0,-51.0,1025,301,98,0.23586744639376217,0.14327485380116958,0.29365853658536584,0.09560975609756098
14588,12.990825688073395,3401.379544682297,333.0,-26.0,109,24,18,1477.2385321100917,211909.0907237513,2223.0,831.0,9.715596330275229,3366.9831804281325,322.0,-40.0,109,29,12,0.22018348623853212,0.1651376146788991,0.26605504587155965,0.11009174311926606
14633,16.59409594095941,5432.938335383354,990.0,-21.0,271,74,37,1401.5535055350554,243975.22583025822,2339.0,639.0,14.71111111111111,5696.295415117719,989.0,-43.0,270,112,22,0.2730627306273063,0.13653136531365315,0.4148148148148148,0.08148148148148149
14635,11.926704392347077,4015.3169982735135,1315.0,-29.0,3711,818,500,1503.3205715826368,266434.12832804455,2400.0,1.0,6.239330091842247,4181.551460021249,1313.0,-51.0,3702,968,373,0.22042576125033683,0.13473457289140395,0.2614802809292274,0.10075634792004322
14674,18.73394495412844,12229.437818552497,848.0,-26.0,109,20,15,1514.6605504587155,187583.96704043497,2203.0,900.0,17.275229357798164,12520.238362215427,865.0,-37.0,109,30,11,0.1834862385321101,0.13761467889908258,0.27522935779816515,0.10091743119266056
14679,6.534272554863181,1269.545702349766,887.0,-26.0,7382,1380,924,1537.1856368563685,241193.73596388465,2400.0,1.0,0.2772653282691264,1483.3595536113196,907.0,-66.0,7372,1779,590,0.18694120834462205,0.12516933080465997,0.2413185024416712,0.08003255561584373
14683,3.8769039477774325,1128.067554093073,671.0,-19.0,3217,458,430,1415.1101088646967,234848.10237133224,2359.0,14.0,-3.110488639900405,1204.8903413863104,665.0,-47.0,3213,608,203,0.14236866645943425,0.1336649051911719,0.18923124805477748,0.06318082788671024
14685,11.515873015873016,4249.1996595637365,1332.0,-28.0,1134,231,154,1391.7522045855378,224404.9438389133,2348.0,14.0,6.90652557319224,4442.757362498462,1335.0,-43.0,1134,303,112,0.2037037037037037,0.13580246913580246,0.2671957671957672,0.09876543209876543
14689,8.582706766917294,2730.729493224588,359.0,-25.0,532,89,83,1436.404135338346,201440.42582090833,2211.0,624.0,4.2105263157894735,2953.778570720591,362.0,-45.0,532,122,55,0.16729323308270677,0.15601503759398497,0.22932330827067668,0.10338345864661654
14696,21.46615087040619,5048.1291814733195,868.0,-23.0,517,163,68,1268.9883720930231,220086.05034996587,2338.0,27.0,10.877669902912622,5559.632866155413,848.0,-64.0,515,189,50,0.3152804642166344,0.13152804642166344,0.36699029126213595,0.0970873786407767
14698,14.425257731958762,5804.916879778367,1128.0,-25.0,388,95,57,1434.7577319587629,211351.45536641884,2328.0,659.0,10.785529715762275,6114.137821156499,1156.0,-47.0,387,119,38,0.24484536082474226,0.14690721649484537,0.30749354005167956,0.09819121447028424
14709,-11.682926829268293,176.9846431797651,30.0,-34.0,82,8,5,1505.7,84721.4025316456,1842.0,1032.0,-13.625,189.52848101265832,31.0,-30.0,80,7,4,0.0975609756097561,0.06097560975609756,0.0875,0.05
14711,17.144736842105264,4509.11210526316,392.0,-18.0,76,17,13,1135.7763157894738,165580.86929824564,2048.0,703.0,10.157894736842104,4581.761403508773,379.0,-39.0,76,23,10,0.2236842105263158,0.17105263157894737,0.3026315789473684,0.13157894736842105
14716,15.788461538461538,647.0328054298641,81.0,-13.0,52,21,1,1867.2884615384614,95700.7975113122,2249.0,1036.0,12.096153846153847,651.1082202111613,81.0,-18.0,52,24,1,0.40384615384615385,0.019230769230769232,0.46153846153846156,0.019230769230769232
14730,11.895308924485127,4148.518512612001,1416.0,-20.0,1748,348,257,1332.8790830945559,225119.70039365423,2327.0,6.0,7.289730349971314,4492.677776218872,1422.0,-47.0,1743,515,148,0.19908466819221968,0.14702517162471396,0.29546758462421113,0.08491107286288009
14747,3.891043307086614,1295.3407210297244,1291.0,-23.0,10160,1503,1422,1509.892392589673,308505.133782665,2400.0,1.0,-1.6905138339920949,1511.9745715315814,1270.0,-65.0,10120,2396,584,0.14793307086614174,0.13996062992125985,0.2367588932806324,0.057707509881422925
14761,6.086705202312139,1101.8159156119555,337.0,-27.0,692,160,70,1347.7644508670521,196034.8315564273,2357.0,146.0,5.83768115942029,1050.4961107254794,316.0,-42.0,690,256,49,0.23121387283236994,0.10115606936416185,0.3710144927536232,0.07101449275362319
14771,16.215923809523808,3450.485680579406,1437.0,-26.0,13125,3391,1959,1501.5826146683964,319441.0871866607,2400.0,1.0,13.91046031503288,3746.8087595800957,1486.0,-62.0,13078,4938,1300,0.25836190476190474,0.14925714285714287,0.3775806698271907,0.09940357852882704
14783,9.47239263803681,1919.7365638517424,501.0,-18.0,652,142,81,1393.2227342549922,185861.28108235833,2316.0,45.0,9.251920122887865,2137.08413092284,508.0,-39.0,651,250,53,0.21779141104294478,0.12423312883435583,0.38402457757296465,0.08141321044546851
14794,0.26578073089701,570.6691251384271,281.0,-15.0,301,37,34,1244.8338870431894,195622.9589811739,2117.0,621.0,-1.053156146179402,692.3504983388701,298.0,-32.0,301,79,16,0.12292358803986711,0.11295681063122924,0.26245847176079734,0.053156146179401995
14802,18.66,4668.310612244897,344.0,-17.0,50,9,9,1071.08,188985.17714285722,2054.0,644.0,13.84,4918.055510204081,339.0,-39.0,50,13,9,0.18,0.18,0.26,0.18
14814,5.021526418786693,1267.2132611948894,531.0,-17.0,511,91,74,1403.1624266144813,200280.250036453,2317.0,646.0,2.4285714285714284,1341.6336134453775,516.0,-40.0,511,160,31,0.1780821917808219,0.14481409001956946,0.3131115459882583,0.060665362035225046
14828,-0.4186046511627907,1551.0227086183306,276.0,-29.0,86,15,8,1340.0,281491.54999999993,2143.0,620.0,-1.1111111111111112,1681.4499999999994,309.0,-30.0,81,17,4,0.1744186046511628,0.09302325581395349,0.20987654320987653,0.04938271604938271
14831,3.746031746031746,803.9585796105373,718.0,-23.0,4851,771,644,1511.3503303055327,219547.70028690324,2355.0,1.0,0.03552984920470977,894.439233236763,692.0,-60.0,4841,1131,414,0.15893630179344465,0.13275613275613277,0.23362941541003926,0.08551952076017352
14842,-2.969465648854962,454.24521432765704,127.0,-22.0,131,14,14,1377.7404580152672,232096.85519671152,1958.0,545.0,-6.473282442748092,573.8204345273051,126.0,-29.0,131,22,10,0.10687022900763359,0.10687022900763359,0.16793893129770993,0.07633587786259542
14843,13.532926297426952,2882.343265298664,970.0,-31.0,2293,609,267,1457.4910597470562,328413.0484584323,2400.0,1.0,8.724890829694322,3064.0815557984783,975.0,-50.0,2290,742,205,0.26559092891408637,0.11644134321849106,0.3240174672489083,0.08951965065502183
14869,8.641304347826088,3011.456836442929,1437.0,-21.0,9292,1634,1225,1533.126944684529,284524.4983079416,2400.0,1.0,0.5552067547088114,3237.2544489071265,1447.0,-68.0,9238,2074,679,0.17585019371502367,0.1318338355574688,0.2245074691491665,0.07350075773977051
14877,35.91549295774648,8040.421327967807,433.0,-19.0,71,25,7,1332.3142857142857,262476.2476190477,2305.0,551.0,35.3768115942029,8347.885336743391,447.0,-40.0,69,27,9,0.352112676056338,0.09859154929577464,0.391304347826087,0.13043478260869565
14893,3.9077040427154843,740.4983460242895,430.0,-21.0,3933,585,533,1433.0976602238047,233096.28860302045,2356.0,10.0,-0.6147186147186147,852.4691974691955,452.0,-57.0,3927,879,298,0.14874141876430205,0.13551995931858632,0.2238349885408709,0.07588489941431117
14905,17.0,1682.9999999999998,139.0,-14.0,17,5,3,1552.8823529411766,86743.7352941176,2019.0,1017.0,19.294117647058822,1975.0955882352944,145.0,-25.0,17,8,3,0.29411764705882354,0.17647058823529413,0.47058823529411764,0.17647058823529413
14908,4.793969849246231,1177.5125360688726,525.0,-22.0,3383,535,442,1554.8009464655427,192258.66421212166,2358.0,1.0,-0.6571936056838366,1348.5605656486182,517.0,-44.0,3378,743,248,0.1581436594738398,0.1306532663316583,0.21995263469508586,0.07341622261693309
14952,16.833333333333332,3965.9100294985237,344.0,-26.0,114,25,19,1271.2654867256638,283935.10745891277,2309.0,633.0,14.575221238938052,3116.9786662452593,323.0,-38.0,113,43,6,0.21929824561403508,0.16666666666666666,0.3805309734513274,0.05309734513274336
14955,6.024390243902439,518.2243902439025,65.0,-30.0,41,16,4,1201.5121951219512,153344.156097561,1919.0,933.0,5.048780487804878,498.4975609756096,65.0,-22.0,41,18,3,0.3902439024390244,0.0975609756097561,0.43902439024390244,0.07317073170731707
14960,2.817073170731707,965.0648900933453,180.0,-13.0,82,8,8,1183.7317073170732,163838.39626618492,2258.0,720.0,-3.317073170731707,1186.663655525444,189.0,-30.0,82,12,8,0.0975609756097561,0.0975609756097561,0.14634146341463414,0.0975609756097561
14986,12.684766214177978,3324.618000209612,997.0,-28.0,663,171,80,1499.9380664652567,164921.44699050696,2346.0,3.0,8.869894099848715,3561.1618346857394,1000.0,-43.0,661,207,60,0.2579185520361991,0.12066365007541478,0.31316187594553707,0.0907715582450832
15008,38.666666666666664,11302.588235294115,401.0,-11.0,18,7,2,1756.5,290322.0294117647,2242.0,16.0,30.61111111111111,11024.486928104576,392.0,-34.0,18,8,2,0.3888888888888889,0.1111111111111111,0.4444444444444444,0.1111111111111111
15016,10.712742980561556,2212.7829424549473,1355.0,-26.0,5093,1283,566,1508.4786795048144,243370.14857246974,2400.0,2.0,5.032264410781035,2478.1453578584487,1337.0,-57.0,5083,1544,420,0.2519143923031612,0.11113292754761438,0.3037576234507181,0.08262836907338186
15023,3.8175675675675675,2634.6671722743167,527.0,-21.0,148,18,17,1425.668918918919,300363.1617484832,2218.0,617.0,-3.614864864864865,2667.830253723111,508.0,-43.0,148,28,14,0.12162162162162163,0.11486486486486487,0.1891891891891892,0.0945945945945946
15024,9.695402298850574,3237.716751134521,658.0,-24.0,348,78,41,1795.2155172413793,40347.91019079794,2347.0,17.0,2.298550724637681,3505.198399056286,657.0,-59.0,345,84,28,0.22413793103448276,0.11781609195402298,0.24347826086956523,0.08115942028985507
15027,-0.5795454545454546,410.5913009404388,71.0,-26.0,88,13,12,1603.7954545454545,127260.94618599798,2053.0,1119.0,-7.818181818181818,550.403343782654,77.0,-40.0,88,19,9,0.14772727272727273,0.13636363636363635,0.2159090909090909,0.10227272727272728
15041,3.4081632653061225,1546.3939055074081,272.0,-31.0,147,21,18,1457.6802721088436,141867.28748485702,2252.0,728.0,-4.299319727891157,2028.0193830957048,277.0,-50.0,147,27,11,0.14285714285714285,0.12244897959183673,0.1836734693877551,0.07482993197278912
15048,3.16,410.70141414141403,107.0,-14.0,100,18,10,1412.93,148733.5001010101,1916.0,653.0,-1.29,715.6221212121213,120.0,-57.0,100,26,12,0.18,0.1,0.26,0.12
15070,36.310344827586206,11951.468065967016,912.0,-28.0,116,36,20,1732.3706896551723,392571.4353073462,2359.0,17.0,34.474137931034484,11805.347151424296,901.0,-36.0,116,51,19,0.3103448275862069,0.1724137931034483,0.4396551724137931,0.16379310344827586
15074,-5.083333333333333,33.704802259887,18.0,-14.0,60,2,3,1095.8833333333334,165964.2742937853,2319.0,651.0,-9.75,133.75000000000003,24.0,-27.0,60,7,3,0.03333333333333333,0.05,0.11666666666666667,0.05
15096,17.84416826003824,6741.358468350605,988.0,-25.0,1046,254,157,1363.7706333973128,290425.9694345647,2352.0,12.0,11.173871277617675,7035.9803166334095,955.0,-60.0,1041,357,87,0.24282982791587,0.15009560229445507,0.34293948126801155,0.08357348703170028
15249,1.445134575569358,548.118871506748,291.0,-26.0,483,63,65,1329.7199170124481,247097.00039250872,2232.0,631.0,0.7987551867219918,643.1215784887986,302.0,-33.0,482,118,41,0.13043478260869565,0.13457556935817805,0.24481327800829875,0.08506224066390042
15295,15.78,9459.273422818793,931.0,-21.0,150,29,24,1259.74,189365.9386577181,2248.0,554.0,11.293333333333333,9708.691901565999,935.0,-39.0,150,36,12,0.19333333333333333,0.16,0.24,0.08
15304,8.374462200368777,1638.4525027843417,1265.0,-24.0,6508,1359,822,1493.87221282485,246188.7442031458,2400.0,1.0,2.2902878251500693,1775.2897963611108,1253.0,-66.0,6497,1653,523,0.208819913952059,0.1263060848186847,0.25442511928582423,0.08049869170386333
15323,9.471264367816092,2862.1465683343295,383.0,-20.0,174,26,25,1267.5,178848.70231213872,2252.0,703.0,3.7528735632183907,2922.210251810511,384.0,-29.0,174,35,16,0.14942528735632185,0.14367816091954022,0.20114942528735633,0.09195402298850575
15356,15.68472906403941,2115.4941715846476,257.0,-20.0,203,62,27,1412.9257425742574,351336.795453426,2355.0,4.0,9.663366336633663,2497.0204423427426,254.0,-44.0,202,69,18,0.3054187192118227,0.1330049261083744,0.3415841584158416,0.0891089108910891
15370,2.6130434782608694,1305.776189425233,896.0,-21.0,1380,186,189,1359.126811594203,218369.96722840553,2254.0,549.0,-2.856521739130435,1461.5849103004698,883.0,-40.0,1380,260,99,0.13478260869565217,0.13695652173913042,0.18840579710144928,0.07173913043478261
15376,4.163625997719499,1193.8927777174279,422.0,-22.0,1754,252,234,1325.4498289623716,172586.68687104882,2313.0,18.0,-0.04228571428571429,1324.2200519480525,419.0,-51.0,1750,387,157,0.14367160775370583,0.13340935005701254,0.22114285714285714,0.08971428571428572
15380,19.76328502415459,4278.317480418366,453.0,-15.0,207,59,29,1333.0339805825242,250637.21347383378,2210.0,541.0,15.640776699029127,4524.582524271845,448.0,-52.0,206,76,22,0.28502415458937197,0.14009661835748793,0.36893203883495146,0.10679611650485436
15389,12.37007874015748,10553.282589676286,1091.0,-24.0,127,26,16,1336.9448818897638,206266.43344581913,2039.0,658.0,6.166666666666667,10625.819999999994,1070.0,-43.0,126,29,11,0.2047244094488189,0.12598425196850394,0.23015873015873015,0.0873015873015873
15401,0.42528735632183906,427.7123763699546,126.0,-14.0,87,10,8,1163.632183908046,143966.88639401208,2144.0,704.0,-6.781609195402299,623.5912857524723,114.0,-41.0,87,20,5,0.11494252873563218,0.09195402298850575,0.22988505747126436,0.05747126436781609
15411,1.1304347826086956,431.5530129672006,137.0,-21.0,115,17,14,1281.2389380530974,191300.75489886207,2154.0,738.0,-2.584070796460177,609.8522439949429,135.0,-36.0,113,29,6,0.14782608695652175,0.12173913043478261,0.25663716814159293,0.05309734513274336
15412,5.472727272727273,1751.5640774691535,456.0,-24.0,1320,200,192,1288.400606980273,228115.2486556677,2300.0,40.0,1.215045592705167,1903.4023894275817,450.0,-47.0,1316,303,118,0.15151515151515152,0.14545454545454545,0.23024316109422494,0.08966565349544073
15454,22.666666666666668,4733.090909090909,243.0,-25.0,45,11,9,1409.7555555555555,376047.3707070707,2336.0,2.0,24.333333333333332,5431.636363636362,242.0,-39.0,45,18,7,0.24444444444444444,0.2,0.4,0.15555555555555556
15582,22.608695652173914,4248.865700483093,298.0,-29.0,46,18,6,1561.7608695652175,174443.56376811594,2141.0,1041.0,28.41304347826087,3701.492270531401,289.0,-18.0,46,27,7,0.391304347826087,0.13043478260869565,0.5869565217391305,0.15217391304347827
15607,2.686046511627907,983.0649794801642,251.0,-13.0,86,10,11,1243.2441860465117,197316.72790697674,1922.0,658.0,-2.0348837209302326,1068.1281805745552,247.0,-24.0,86,13,7,0.11627906976744186,0.12790697674418605,0.1511627906976744,0.08139534883720931
15624,3.4805725971370145,1482.4591504911316,402.0,-21.0,489,70,59,1389.8053278688524,165183.8614089271,2321.0,154.0,-1.014344262295082,1596.6219704110138,395.0,-42.0,488,103,37,0.14314928425357873,0.12065439672801637,0.21106557377049182,0.07581967213114754
15841,11.913793103448276,4517.9398064125835,314.0,-28.0,58,14,8,1422.6964285714287,119359.63344155844,2233.0,1044.0,13.625,4715.220454545453,323.0,-30.0,56,18,6,0.2413793103448276,0.13793103448275862,0.32142857142857145,0.10714285714285714
15919,9.654491609081935,2248.3192411691452,435.0,-27.0,1013,197,179,1428.9733464955577,222448.7117394816,2340.0,3.0,7.705533596837944,2406.4493066388277,427.0,-52.0,1012,300,105,0.19447186574531095,0.17670286278381048,0.2964426877470356,0.10375494071146245
15991,-1.2181818181818183,3609.9144781144782,370.0,-47.0,55,10,5,1576.1,101756.21428571425,2118.0,1216.0,-8.1,920.8673469387753,104.0,-51.0,50,10,3,0.18181818181818182,0.09090909090909091,0.2,0.06
16218,-0.7565217391304347,741.0103737604877,267.0,-18.0,115,12,10,1459.6869565217391,302557.8134248666,2242.0,723.0,-3.8173913043478263,926.0628527841345,283.0,-29.0,115,17,7,0.10434782608695652,0.08695652173913043,0.14782608695652175,0.06086956521739131
